"Bus","Direction","coord_x","coord_y","Arret","Code"
"13","Simonis","50.813199","4.324849","UZ Brussel","1074"
"13","Simonis","0.0","0.0","Laerbeek","4070"
"13","Simonis","50.844659","4.359615","Pompiers","1003"
"13","Simonis","0.0","0.0","Arbre Ballon-Heymbosch","4226"
"13","Simonis","0.0","0.0","Demunter","1081"
"13","Simonis","0.0","0.0","Liebrecht","1004"
"13","Simonis","50.846832","4.356626","Schuermans","1005"
"13","Simonis","50.866609","4.375391","Dieleghem","1006"
"13","Simonis","50.866411","4.375226","Bonaventure","1007"
"13","Simonis","0.0","0.0","Reniers","1008"
"13","Simonis","0.0","0.0","Eugene Toussaint","1009"
"13","Simonis","50.878265","4.321409","Le Roux","1010"
"13","Simonis","0.0","0.0","Legrelle","1027"
"13","Simonis","50.866192","4.338672","Bruxellois","1013"
"13","Simonis","50.871012","4.324470","Miroir","1014"
"13","Simonis","50.867911","4.326561","Broustin","6805"
"13","Simonis","50.865071","4.328340","Parc Elisabeth","4116"
"13","UZ Brussel","50.863355","4.330671","Simonis","1183"
"13","UZ Brussel","50.868292","4.326501","Broustin","6864"
"13","UZ Brussel","50.871282","4.324371","Miroir","6865"
"13","UZ Brussel","50.887490","4.378208","Bruxellois","1062"
"13","UZ Brussel","50.845100","4.359617","Legrelle","1000"
"13","UZ Brussel","50.879155","4.321791","Le Roux","1065"
"13","UZ Brussel","50.881187","4.321846","Eugene Toussaint","1066"
"13","UZ Brussel","0.0","0.0","Reniers","1067"
"13","UZ Brussel","50.889929","4.381395","Bonaventure","1068"
"13","UZ Brussel","50.889837","4.380858","Soetens","1069"
"13","UZ Brussel","0.0","0.0","Schuermans","1070"
"13","UZ Brussel","0.0","0.0","Liebrecht","1026"
"13","UZ Brussel","0.0","0.0","Demunter","1080"
"13","UZ Brussel","0.0","0.0","Arbre Ballon-Heymbosch","4224"
"13","UZ Brussel","0.0","0.0","Pompiers","1075"
"13","UZ Brussel","0.0","0.0","Laerbeek","4225"
"14","Gare du Nord","50.813199","4.324849","UZ Brussel","1074"
"14","Gare du Nord","50.813061","4.324730","Dieleghem","1078"
"14","Gare du Nord","0.0","0.0","De Rivieren","1079"
"14","Gare du Nord","0.0","0.0","Legrelle","1027"
"14","Gare du Nord","50.866192","4.338672","Bruxellois","1013"
"14","Gare du Nord","50.871012","4.324470","Miroir","1014"
"14","Gare du Nord","50.867911","4.326561","Broustin","6805"
"14","Gare du Nord","50.865071","4.328340","Parc Elisabeth","4116"
"14","Gare du Nord","0.0","0.0","Simonis","1025"
"14","Gare du Nord","0.0","0.0","Belgica","5009"
"14","Gare du Nord","0.0","0.0","Vanderstichelen","5011"
"14","Gare du Nord","50.864062","4.344119","Picard","1019"
"14","Gare du Nord","0.0","0.0","Tour et Taxis","1020"
"14","Gare du Nord","50.867597","4.336128","Armateurs","1021"
"14","Gare du Nord","0.0","0.0","Willebroek","1016"
"14","Gare du Nord","0.0","0.0","WTC","1022"
"14","Gare du Nord","0.0","0.0","Gare du Nord","1023"
"14","UZ Brussel","50.860080","4.360273","Gare du Nord","1900"
"14","UZ Brussel","0.0","0.0","Gare du Nord","1030"
"14","UZ Brussel","0.0","0.0","WTC","1052"
"14","UZ Brussel","0.0","0.0","Willebroek","1051"
"14","UZ Brussel","50.899278","4.399029","Armateurs","1054"
"14","UZ Brussel","50.865946","4.338822","Tour et Taxis","1055"
"14","UZ Brussel","50.864456","4.343166","Picard","1056"
"14","UZ Brussel","0.0","0.0","Vanderstichelen","5074"
"14","UZ Brussel","0.0","0.0","Belgica","5076"
"14","UZ Brussel","50.898577","4.402396","Flessingue","1053"
"14","UZ Brussel","50.863355","4.330671","Simonis","1183"
"14","UZ Brussel","50.868292","4.326501","Broustin","6864"
"14","UZ Brussel","50.871282","4.324371","Miroir","6865"
"14","UZ Brussel","50.887490","4.378208","Bruxellois","1062"
"14","UZ Brussel","50.845100","4.359617","Legrelle","1000"
"14","UZ Brussel","0.0","0.0","De Rivieren","4065"
"14","UZ Brussel","0.0","0.0","Dieleghem","4064"
"15","UZ Brussel","50.860080","4.360273","Gare du Nord","1900"
"15","UZ Brussel","0.0","0.0","Gare du Nord","1030"
"15","UZ Brussel","0.0","0.0","WTC","1052"
"15","UZ Brussel","0.0","0.0","Willebroek","1051"
"15","UZ Brussel","50.899278","4.399029","Armateurs","1054"
"15","UZ Brussel","50.865946","4.338822","Tour et Taxis","1055"
"15","UZ Brussel","50.864456","4.343166","Picard","1056"
"15","UZ Brussel","0.0","0.0","Vanderstichelen","5074"
"15","UZ Brussel","0.0","0.0","Belgica","5076"
"15","UZ Brussel","50.898577","4.402396","Flessingue","1053"
"15","UZ Brussel","50.863355","4.330671","Simonis","1183"
"15","UZ Brussel","50.868292","4.326501","Broustin","6864"
"15","UZ Brussel","50.871282","4.324371","Miroir","6865"
"15","UZ Brussel","50.887490","4.378208","Bruxellois","1062"
"15","UZ Brussel","50.845100","4.359617","Legrelle","1000"
"15","UZ Brussel","50.876241","4.317873","Square du Centenaire","9103"
"15","UZ Brussel","50.879155","4.321791","Le Roux","1065"
"15","UZ Brussel","50.881187","4.321846","Eugene Toussaint","1066"
"15","UZ Brussel","0.0","0.0","Reniers","1067"
"15","UZ Brussel","50.889929","4.381395","Bonaventure","1068"
"15","UZ Brussel","50.889837","4.380858","Soetens","1069"
"15","UZ Brussel","0.0","0.0","Schuemans","1070"
"15","UZ Brussel","0.0","0.0","Liebrecht","1026"
"15","UZ Brussel","0.0","0.0","Demunter","1080"
"15","UZ Brussel","0.0","0.0","Arbre Ballon-Heymbosch","4224"
"15","UZ Brussel","0.0","0.0","Pompiers","1075"
"15","UZ Brussel","0.0","0.0","Laerbeek","4225"
"15","Gare du Nord","50.813199","4.324849","UZ Brussel","1074"
"15","Gare du Nord","0.0","0.0","Laerbeek","4070"
"15","Gare du Nord","50.844659","4.359615","Pompiers","1003"
"15","Gare du Nord","0.0","0.0","Arbre Ballon-Heymbosch","4226"
"15","Gare du Nord","0.0","0.0","Demunter","1081"
"15","Gare du Nord","0.0","0.0","Liebrecht","1004"
"15","Gare du Nord","50.846832","4.356626","Schuemans","1005"
"15","Gare du Nord","50.866609","4.375391","Dieleghem","1006"
"15","Gare du Nord","50.866411","4.375226","Bonaventure","1007"
"15","Gare du Nord","0.0","0.0","Reniers","1008"
"15","Gare du Nord","0.0","0.0","Eugene Toussaint","1009"
"15","Gare du Nord","50.878265","4.321409","Le Roux","1010"
"15","Gare du Nord","0.0","0.0","Square du Centenaire","1012"
"15","Gare du Nord","0.0","0.0","Legrelle","1027"
"15","Gare du Nord","50.866192","4.338672","Bruxellois","1013"
"15","Gare du Nord","50.871012","4.324470","Miroir","1014"
"15","Gare du Nord","50.867911","4.326561","Broustin","6805"
"15","Gare du Nord","50.865071","4.328340","Parc Elisabeth","4116"
"15","Gare du Nord","0.0","0.0","Simonis","1025"
"15","Gare du Nord","0.0","0.0","Belgica","5009"
"15","Gare du Nord","0.0","0.0","Vanderstichelen","5011"
"15","Gare du Nord","50.864062","4.344119","Picard","1019"
"15","Gare du Nord","0.0","0.0","Tour et Taxis","1020"
"15","Gare du Nord","50.867597","4.336128","Armateurs","1021"
"15","Gare du Nord","0.0","0.0","Willebroek","1016"
"15","Gare du Nord","0.0","0.0","WTC","1022"
"15","Gare du Nord","0.0","0.0","Gare du Nord","1023"
"15","Gare du Nord","50.860080","4.360273","Gare du Nord","1900"
"17","Heiligenborre","50.815413","4.408214","Beaulieu","4297"
"17","Heiligenborre","50.814776","4.403204","Michiels","4298"
"17","Heiligenborre","50.811774","4.401045","Brillant","4299"
"17","Heiligenborre","50.809616","4.403442","Keym","4310"
"17","Heiligenborre","50.805205","4.406721","Vander Elst","4311"
"17","Heiligenborre","0.0","0.0","Ortolans","4312"
"17","Heiligenborre","50.802583","4.412501","Les 3 Tilleuls","4313"
"17","Heiligenborre","50.799796","4.414442","Miraval","4347"
"17","Heiligenborre","50.798535","4.419065","Wiener","4349"
"17","Heiligenborre","50.796333","4.417673","Diabolo","4342"
"17","Heiligenborre","50.794104","4.418493","Etangs de Boitsfort","4289"
"17","Heiligenborre","50.792179","4.419370","International School","4288"
"17","Heiligenborre","50.790516","4.420068","Kattenberg","4290"
"17","Heiligenborre","0.0","0.0","Pepiniere","4291"
"17","Heiligenborre","50.787402","4.422597","Equipages","4319"
"17","Beaulieu","50.789581","4.420431","Heiligenborre","9059"
"17","Beaulieu","50.792197","4.419611","International School","4287"
"17","Beaulieu","50.793934","4.417910","Etangs de Boitsfort","4292"
"17","Beaulieu","50.796612","4.417673","Diabolo","4341"
"17","Beaulieu","0.0","0.0","Wiener","4368"
"17","Beaulieu","50.800227","4.414017","Miraval","4348"
"17","Beaulieu","50.802745","4.412870","Les 3 Tilleuls","4355"
"17","Beaulieu","0.0","0.0","Ortolans","4356"
"17","Beaulieu","50.805415","4.406750","Vander Elst","4357"
"17","Beaulieu","50.810030","4.403172","Keym","4358"
"17","Beaulieu","50.811909","4.401854","Brillant","4293"
"17","Beaulieu","50.812313","4.404749","Tercoigne","4294"
"17","Beaulieu","50.812744","4.410509","Gardon","4295"
"17","Beaulieu","50.813685","4.414881","Berensheide","4296"
"20","Delacroix","0.0","0.0","Hunderenveld","1101"
"20","Delacroix","0.0","0.0","Sept Etoiles","1102"
"20","Delacroix","50.862838","4.287581","Broek","4598"
"20","Delacroix","50.861233","4.292961","Place de l'Eglise","1095"
"20","Delacroix","50.859962","4.296378","Comhaire","1105"
"20","Delacroix","0.0","0.0","Schweitzer","5106"
"20","Delacroix","0.0","0.0","Hopital Français","1107"
"20","Delacroix","50.866778","4.308838","Goffin","1108"
"20","Delacroix","50.864112","4.312275","Benes","1096"
"20","Delacroix","50.861273","4.315886","Bastogne","1097"
"20","Delacroix","50.861828","4.322201","Sippelberg","1098"
"20","Delacroix","0.0","0.0","KU Brussel","1171"
"20","Delacroix","50.862960","4.330756","Simonis","1112"
"20","Delacroix","0.0","0.0","Van Huffel","1114"
"20","Delacroix","50.858770","4.330078","Autrique","1115"
"20","Delacroix","50.857069","4.332197","Etangs Noirs","4111"
"20","Delacroix","0.0","0.0","Osseghem","4114"
"20","Delacroix","0.0","0.0","Beekant","1146"
"20","Delacroix","0.0","0.0","Gare de l'Ouest","1118"
"20","Delacroix","50.845805","4.323060","Delacroix","1117"
"20","Hunderenveld","50.845922","4.323329","Delacroix","1178"
"20","Hunderenveld","0.0","0.0","Gare de l'Ouest","1176"
"20","Hunderenveld","0.0","0.0","Beekant","1210"
"20","Hunderenveld","50.856387","4.326529","Osseghem","1202"
"20","Hunderenveld","0.0","0.0","Etangs Noirs","4010"
"20","Hunderenveld","50.858860","4.330205","Autrique","1179"
"20","Hunderenveld","50.860483","4.331816","Van Huffel","1180"
"20","Hunderenveld","50.863355","4.330671","Simonis","1183"
"20","Hunderenveld","0.0","0.0","KU Brussel","1181"
"20","Hunderenveld","50.861968","4.321936","Sippelberg","1182"
"20","Hunderenveld","50.861354","4.316156","Bastogne","1197"
"20","Hunderenveld","50.864311","4.312234","Benes","1198"
"20","Hunderenveld","0.0","0.0","Goffin","1199"
"20","Hunderenveld","0.0","0.0","Hopital Français","1188"
"20","Hunderenveld","0.0","0.0","Schweitzer","5171"
"20","Hunderenveld","50.860912","4.296286","Comhaire","1190"
"20","Hunderenveld","50.861772","4.291597","Place de l'Eglise","1209"
"20","Hunderenveld","0.0","0.0","Broek","4661"
"20","Hunderenveld","0.0","0.0","Sept Etoiles","1193"
"20","Hunderenveld","50.866952","4.281290","Hunderenveld","1194"
"21","Brussels Airport","0.0","0.0","Ducale","1164"
"21","Brussels Airport","0.0","0.0","Trone","1130"
"21","Brussels Airport","50.839842","4.369371","Science","1729"
"21","Brussels Airport","0.0","0.0","Luxembourg","1262"
"21","Brussels Airport","0.0","0.0","Luxembourg","1131"
"21","Brussels Airport","50.841004","4.374318","Treves","1132"
"21","Brussels Airport","50.840341","4.378663","Parc Leopold","1133"
"21","Brussels Airport","0.0","0.0","Froissard","1416"
"21","Brussels Airport","0.0","0.0","Schuman","1418"
"21","Brussels Airport","0.0","0.0","Michel-Ange","1402"
"21","Brussels Airport","50.847115","4.391358","Gueux","1419"
"21","Brussels Airport","50.847236","4.393729","De Jamblinne de Meux","1403"
"21","Brussels Airport","0.0","0.0","Flasky","3251"
"21","Brussels Airport","0.0","0.0","Opale","1516"
"21","Brussels Airport","0.0","0.0","Diamant","1517"
"21","Brussels Airport","0.0","0.0","Diamant","4554"
"21","Brussels Airport","0.0","0.0","RTBF","4550"
"21","Brussels Airport","50.852440","4.409463","Colonel Bourg","3956"
"21","Brussels Airport","50.854704","4.415206","Carene","3957"
"21","Brussels Airport","50.856880","4.412695","Mommaerts","3961"
"21","Brussels Airport","50.857268","4.408122","RTL","4558"
"21","Brussels Airport","50.860735","4.403898","Paul Leduc","4555"
"21","Brussels Airport","0.0","0.0","Geneve","4556"
"21","Brussels Airport","0.0","0.0","Evere Shopping","4557"
"21","Brussels Airport","50.867930","4.406426","Loisirs","3404"
"21","Brussels Airport","0.0","0.0","Permeke","3416"
"21","Brussels Airport","50.872550","4.407565","Lekaerts","3362"
"21","Brussels Airport","0.0","0.0","Germinal","3363"
"21","Brussels Airport","0.0","0.0","Bale","3364"
"21","Brussels Airport","0.0","0.0","Nato","3301"
"21","Ducale","0.0","0.0","Brussels Airport","9600"
"21","Ducale","0.0","0.0","Nato","3301"
"21","Ducale","0.0","0.0","Nato","3302"
"21","Ducale","0.0","0.0","Bale","3319"
"21","Ducale","0.0","0.0","Germinal","3303"
"21","Ducale","50.874490","4.408610","Matisse","3304"
"21","Ducale","50.871628","4.405932","Lekaerts","3305"
"21","Ducale","0.0","0.0","Lekaerts","3300"
"21","Ducale","0.0","0.0","Permeke","3471"
"21","Ducale","50.867930","4.406270","Loisirs","3458"
"21","Ducale","50.866394","4.403939","Evere Shopping","3466"
"21","Ducale","0.0","0.0","Geneve","3467"
"21","Ducale","50.860652","4.403700","Paul Leduc","3468"
"21","Ducale","50.856891","4.408249","RTL","4500"
"21","Ducale","50.856889","4.413007","Mommaerts","4505"
"21","Ducale","50.854499","4.414556","Carene","3904"
"21","Ducale","50.852523","4.409583","Colonel Bourg","3905"
"21","Ducale","0.0","0.0","RTBF","1549"
"21","Ducale","0.0","0.0","Diamant","1556"
"21","Ducale","0.0","0.0","Opale","1563"
"21","Ducale","50.851141","4.395961","Plasky","3216"
"21","Ducale","50.848238","4.395036","De Jamblinne de Meux","3707"
"21","Ducale","50.846985","4.390915","Gueux","1463"
"21","Ducale","50.845282","4.386558","Michel-Ange","1464"
"21","Ducale","0.0","0.0","Schuman","1270"
"21","Ducale","50.840500","4.381885","Froissart","1476"
"21","Ducale","0.0","0.0","Toulouse","1497"
"21","Ducale","50.841975","4.374715","Treves","1160"
"21","Ducale","0.0","0.0","Luxembourg","1162"
"21","Ducale","50.839925","4.369258","Science","1776"
"21","Ducale","0.0","0.0","Trone","1163"
"22","Luxembourg","0.0","0.0","Montgomery","9020"
"22","Luxembourg","0.0","0.0","Montgomery","1155"
"22","Luxembourg","50.839607","4.398226","Merode","1156"
"22","Luxembourg","50.838215","4.392560","Gaulois","1157"
"22","Luxembourg","50.839573","4.386044","Nerviens","1158"
"22","Luxembourg","0.0","0.0","Breydel","1417"
"22","Luxembourg","0.0","0.0","Schuman","3399"
"22","Luxembourg","0.0","0.0","Charlemagne","1213"
"22","Luxembourg","0.0","0.0","Maelbeek","1214"
"22","Luxembourg","0.0","0.0","Joseph II","1215"
"22","Luxembourg","0.0","0.0","Guimard","1216"
"22","Luxembourg","0.0","0.0","Belliard","1217"
"22","Montgomery","0.0","0.0","Luxembourg","1262"
"22","Montgomery","0.0","0.0","Belliard","1263"
"22","Montgomery","0.0","0.0","Guimard","1264"
"22","Montgomery","0.0","0.0","Arts-loi","1265"
"22","Montgomery","0.0","0.0","Joseph II","1266"
"22","Montgomery","0.0","0.0","Maelbeek","1267"
"22","Montgomery","0.0","0.0","Livingstone","2970"
"22","Montgomery","50.846234","4.383470","Ambiorix","1273"
"22","Montgomery","0.0","0.0","Schuman","1270"
"22","Montgomery","0.0","0.0","Breydel","1149"
"22","Montgomery","50.839287","4.386635","Nerviens","1134"
"22","Montgomery","50.838062","4.392801","Gaulois","1135"
"22","Montgomery","50.839216","4.398528","Merode","1136"
"22","Montgomery","0.0","0.0","Montgomery","1137"
"27","Andromede","0.0","0.0","Gare du Midi","1123"
"27","Andromede","0.0","0.0","Fontainas","2418"
"27","Andromede","50.832571","4.344302","Porte de Hal","2467"
"27","Andromede","50.834700","4.346152","Hopital Saint-Pierre","1125"
"27","Andromede","50.837424","4.349035","Jeu de balle","1126"
"27","Andromede","50.841246","4.351814","Chapelle","1127"
"27","Andromede","50.839898","4.355875","Petit Sablon","1128"
"27","Andromede","0.0","0.0","Royale","1129"
"27","Andromede","0.0","0.0","Trone","1130"
"27","Andromede","50.839842","4.369371","Science","1729"
"27","Andromede","0.0","0.0","Luxembourg","1131"
"27","Andromede","50.841004","4.374318","Treves","1132"
"27","Andromede","50.840341","4.378663","Parc Leopold","1133"
"27","Andromede","50.839287","4.386635","Nerviens","1134"
"27","Andromede","50.838062","4.392801","Gaulois","1135"
"27","Andromede","50.839216","4.398528","Merode","1136"
"27","Andromede","0.0","0.0","Montgomery","1137"
"27","Andromede","50.838804","4.408276","Ichec","1113"
"27","Andromede","50.842148","4.406718","Georges Henri","1139"
"27","Andromede","50.843639","4.411958","Degrooff","1140"
"27","Andromede","50.845080","4.417254","Meudon","1141"
"27","Andromede","50.848165","4.425145","Verheyleweghen","1522"
"27","Andromede","50.848419","4.428830","Moonens","3899"
"27","Andromede","50.850346","4.427968","Sainte-Famille","3900"
"27","Gare du Midi","0.0","0.0","Andromede","1539"
"27","Gare du Midi","50.850165","4.427982","Sainte-Famille","3909"
"27","Gare du Midi","50.848417","4.428607","Moonens","3910"
"27","Gare du Midi","50.848114","4.424722","Verheyleweghen","3919"
"27","Gare du Midi","50.844896","4.416770","Meudon","1152"
"27","Gare du Midi","50.843612","4.411504","Degrooff","1153"
"27","Gare du Midi","50.841746","4.406374","Georges Henri","1154"
"27","Gare du Midi","0.0","0.0","Montgomery","1155"
"27","Gare du Midi","50.839607","4.398226","Merode","1156"
"27","Gare du Midi","50.838215","4.392560","Gaulois","1157"
"27","Gare du Midi","50.839573","4.386044","Nerviens","1158"
"27","Gare du Midi","50.840500","4.381885","Froissart","1476"
"27","Gare du Midi","0.0","0.0","Toulouse","1497"
"27","Gare du Midi","50.841975","4.374715","Treves","1160"
"27","Gare du Midi","0.0","0.0","Luxembourg","1162"
"27","Gare du Midi","50.839925","4.369258","Science","1776"
"27","Gare du Midi","0.0","0.0","Trone","1163"
"27","Gare du Midi","0.0","0.0","Ducale","1164"
"27","Gare du Midi","0.0","0.0","Royale","1165"
"27","Gare du Midi","0.0","0.0","Grand Sablon","1166"
"27","Gare du Midi","50.840890","4.350595","Chapelle","1167"
"27","Gare du Midi","50.837426","4.346872","Jeu de balle","1168"
"27","Gare du Midi","50.834403","4.343214","Porte de Hal","1169"
"27","Gare du Midi","0.0","0.0","Gare du Midi","2500"
"28","Konkel","50.851647","4.387125","Brabanconne","2919"
"28","Konkel","50.849259","4.389462","Chasseurs Ardennais","6021"
"28","Konkel","50.847236","4.393729","De Jamblinne de Meux","1403"
"28","Konkel","50.847707","4.397407","Victor Hugo","1404"
"28","Konkel","50.863259","4.328966","Diamant","1405"
"28","Konkel","50.845754","4.403994","Vergote","1406"
"28","Konkel","50.842274","4.406462","Georges Henri","1424"
"28","Konkel","50.843639","4.411958","Degrooff","1140"
"28","Konkel","50.845080","4.417254","Meudon","1141"
"28","Konkel","50.843986","4.421288","Montald","1408"
"28","Konkel","0.0","0.0","Tomberg","1409"
"28","Konkel","50.842013","4.428398","Melard","1410"
"28","Konkel","50.841465","4.432368","Slegers","1421"
"28","Konkel","50.841014","4.434987","Voot","1412"
"28","Konkel","50.839795","4.437871","Deportes","1422"
"28","Konkel","50.840299","4.440293","Parc Malou","1423"
"28","Konkel","50.841169","4.443304","Stade Fallon","1415"
"28","Konkel","50.841399","4.448927","Don Bosco","1831"
"28","Brabanconne","50.842081","4.450887","Konkel","1830"
"28","Brabanconne","50.841533","4.449168","Don Bosco","1832"
"28","Brabanconne","0.0","0.0","Stade Fallon","1833"
"28","Brabanconne","50.840567","4.439701","Parc Malou","1451"
"28","Brabanconne","50.839816","4.436724","Deportes","1450"
"28","Brabanconne","50.841361","4.434287","Voot","1454"
"28","Brabanconne","50.841452","4.432127","Slegers","1449"
"28","Brabanconne","50.842347","4.427376","Melard","1456"
"28","Brabanconne","50.797046","4.328719","Tomberg","1457"
"28","Brabanconne","50.844086","4.421193","Montald","1458"
"28","Brabanconne","50.844896","4.416770","Meudon","1152"
"28","Brabanconne","50.843612","4.411504","Degrooff","1153"
"28","Brabanconne","50.842922","4.406278","Georges Henri","1459"
"28","Brabanconne","50.845828","4.404551","Vergote","1460"
"28","Brabanconne","0.0","0.0","Diamant","1461"
"28","Brabanconne","50.847998","4.398087","Victor Hugo","1462"
"28","Brabanconne","50.847060","4.393260","De Jamblinne de Meux","6055"
"28","Brabanconne","50.849111","4.389839","Chasseurs Ardennais","6056"
"28","Brabanconne","50.841746","4.406374","Georges Henri","1154"
"29","De Brouckere","50.858827","4.438670","Hof Ten Berg","1528"
"29","De Brouckere","50.857664","4.442065","Jespers","1552"
"29","De Brouckere","50.854908","4.438887","Marcel Thiry","1553"
"29","De Brouckere","50.852490","4.437386","Peupliers","1554"
"29","De Brouckere","50.851026","4.434771","Charmille","1550"
"29","De Brouckere","50.873218","4.376999","Roodebeek","1577"
"29","De Brouckere","50.846876","4.430520","Hymans","1578"
"29","De Brouckere","50.848417","4.428607","Moonens","3910"
"29","De Brouckere","50.848321","4.424602","Verheyleweghen","1557"
"29","De Brouckere","50.848604","4.420268","Speeckaert","1558"
"29","De Brouckere","50.848725","4.416464","Heydenberg","1559"
"29","De Brouckere","50.848573","4.414546","Mai","1560"
"29","De Brouckere","50.848054","4.408895","Levie","1561"
"29","De Brouckere","0.0","0.0","Diamant","1562"
"29","De Brouckere","0.0","0.0","Opale","1563"
"29","De Brouckere","50.851141","4.395961","Plasky","3216"
"29","De Brouckere","0.0","0.0","Radium","1565"
"29","De Brouckere","50.852527","4.388052","Dailly","1566"
"29","De Brouckere","50.851530","4.384174","Vincotte","1567"
"29","De Brouckere","50.849894","4.381107","Clovis","1568"
"29","De Brouckere","0.0","0.0","Gutenberg","1569"
"29","De Brouckere","50.849814","4.374063","Saint-Josse","1570"
"29","De Brouckere","50.849743","4.369584","Madou","1571"
"29","De Brouckere","50.816457","4.289624","Congres","1572"
"29","De Brouckere","0.0","0.0","Parc","3331"
"29","De Brouckere","0.0","0.0","Gare Centrale","3330"
"29","De Brouckere","0.0","0.0","Arenberg","1502"
"29","Hof Ten Berg","0.0","0.0","De Brouckere","1501"
"29","Hof Ten Berg","50.872992","4.376771","Anspach-De Brouckere","1576"
"29","Hof Ten Berg","0.0","0.0","Assaut","1575"
"29","Hof Ten Berg","0.0","0.0","Gare Centrale","3352"
"29","Hof Ten Berg","0.0","0.0","Parc","3351"
"29","Hof Ten Berg","0.0","0.0","Treurenberg","3353"
"29","Hof Ten Berg","50.848691","4.367960","Presse","3354"
"29","Hof Ten Berg","50.849102","4.369937","Madou","1508"
"29","Hof Ten Berg","50.849751","4.374333","Saint-Josse","1509"
"29","Hof Ten Berg","50.849039","4.377279","Gutenberg","1510"
"29","Hof Ten Berg","0.0","0.0","Clovis","1511"
"29","Hof Ten Berg","50.851620","4.384813","Vincotte","1512"
"29","Hof Ten Berg","50.852473","4.388463","Dailly","1513"
"29","Hof Ten Berg","0.0","0.0","Radium","1514"
"29","Hof Ten Berg","0.0","0.0","Plasky","1515"
"29","Hof Ten Berg","0.0","0.0","Opale","1516"
"29","Hof Ten Berg","0.0","0.0","Diamant","1517"
"29","Hof Ten Berg","50.847919","4.407745","Levie","1518"
"29","Hof Ten Berg","50.848322","4.413496","Mai","1519"
"29","Hof Ten Berg","50.848617","4.417628","Heydenberg","1520"
"29","Hof Ten Berg","50.848436","4.420326","Speeckaert","1521"
"29","Hof Ten Berg","50.848165","4.425145","Verheyleweghen","1522"
"29","Hof Ten Berg","50.848419","4.428830","Moonens","3899"
"29","Hof Ten Berg","50.846731","4.431215","Hymans","1529"
"29","Hof Ten Berg","50.860360","4.355422","Roodebeek","1530"
"29","Hof Ten Berg","50.850757","4.434245","Charmille","1540"
"29","Hof Ten Berg","50.852894","4.437955","Peupliers","1525"
"29","Hof Ten Berg","50.855664","4.440581","Marcel Thiry","1526"
"29","Hof Ten Berg","50.857103","4.441439","Jespers","1527"
"34","Sainte-Anne","0.0","0.0","Porte de Namur","1770"
"34","Sainte-Anne","0.0","0.0","Trone","1130"
"34","Sainte-Anne","50.839842","4.369371","Science","1729"
"34","Sainte-Anne","0.0","0.0","Luxembourg","1907"
"34","Sainte-Anne","50.825241","4.338686","Parnasse","1708"
"34","Sainte-Anne","50.835745","4.377170","Museum","1728"
"34","Sainte-Anne","50.835493","4.380861","Etangs","1733"
"34","Sainte-Anne","50.833227","4.385801","Fetis","1712"
"34","Sainte-Anne","50.830880","4.389320","La Chasse","1713"
"34","Sainte-Anne","50.828191","4.393776","Buedts","1714"
"34","Sainte-Anne","50.826393","4.396727","Arsenal","1715"
"34","Sainte-Anne","50.824135","4.400458","Strategie","1716"
"34","Sainte-Anne","50.824316","4.335555","Hankar","1717"
"34","Sainte-Anne","0.0","0.0","Eglise Saint-Julien","1718"
"34","Sainte-Anne","50.819093","4.414807","Vandromme","1719"
"34","Sainte-Anne","0.0","0.0","Valduc","1720"
"34","Sainte-Anne","50.816646","4.425399","Auderghem-Shopping","1731"
"34","Sainte-Anne","50.815970","4.429216","Bergoje","2725"
"34","Sainte-Anne","50.816381","4.434921","Deux Chaussees","2727"
"34","Porte de Namur","50.818216","4.436542","Sainte-Anne","2728"
"34","Porte de Namur","50.816390","4.434396","Deux Chaussees","2752"
"34","Porte de Namur","50.816078","4.428918","Bergoje","2753"
"34","Porte de Namur","50.816872","4.424406","Auderghem-Shopping","1751"
"34","Porte de Namur","0.0","0.0","Valduc","1756"
"34","Porte de Namur","50.819006","4.415298","Vandromme","1757"
"34","Porte de Namur","0.0","0.0","Eglise Saint-Julien","1758"
"34","Porte de Namur","0.0","0.0","Hankar","1759"
"34","Porte de Namur","50.823982","4.400869","Strategie","1760"
"34","Porte de Namur","0.0","0.0","Arsenal","1761"
"34","Porte de Namur","50.828506","4.393350","Buedts","1762"
"34","Porte de Namur","0.0","0.0","La Chasse","1763"
"34","Porte de Namur","50.833029","4.386241","Fetis","1764"
"34","Porte de Namur","0.0","0.0","Etangs","1777"
"34","Porte de Namur","0.0","0.0","Museum","1769"
"34","Porte de Namur","0.0","0.0","Parnasse","1982"
"34","Porte de Namur","0.0","0.0","Luxembourg","4367"
"34","Porte de Namur","50.839925","4.369258","Science","1776"
"34","Porte de Namur","0.0","0.0","Trone","1163"
"34","Porte de Namur","0.0","0.0","Porte de Namur","3504"
"36","Konkel","0.0","0.0","Schuman","1148"
"36","Konkel","0.0","0.0","Breydel","1149"
"36","Konkel","50.838755","4.385732","Nerviens","1802"
"36","Konkel","0.0","0.0","Leman","1803"
"36","Konkel","50.834350","4.388044","Louis Hap","1804"
"36","Konkel","0.0","0.0","La Chasse","9011"
"36","Konkel","0.0","0.0","La Chasse","1805"
"36","Konkel","50.832789","4.395101","Onze novembre","1806"
"36","Konkel","50.832260","4.398901","Roi Vainqueur","1807"
"36","Konkel","50.832118","4.405111","Thieffry","1808"
"36","Konkel","50.831532","4.404636","Boileau","1809"
"36","Konkel","50.828744","4.407946","Baron de Castro","1810"
"36","Konkel","50.826613","4.411843","Dreve de Nivelles","1811"
"36","Konkel","50.824949","4.414481","Mouettes","1812"
"36","Konkel","50.827185","4.418220","Chant d'Oiseau","1813"
"36","Konkel","0.0","0.0","Ocean Atlantique","1814"
"36","Konkel","50.833278","4.423319","Mostinck","1815"
"36","Konkel","50.834522","4.427014","Chien Vert","1816"
"36","Konkel","0.0","0.0","Woluwe","5505"
"36","Konkel","0.0","0.0","Musee du Tram","5506"
"36","Konkel","50.831355","4.438019","Kelle","1818"
"36","Konkel","50.831502","4.443557","Mertens","1819"
"36","Konkel","50.832914","4.446811","Mareyde","1834"
"36","Konkel","50.831349","4.452485","Rue au Bois","1821"
"36","Konkel","50.828395","4.456118","Manoir d'Anjou","1822"
"36","Konkel","50.825859","4.457146","Vander Meerschen","1823"
"36","Konkel","50.828376","4.463049","Sainte-Alix","1825"
"36","Konkel","50.832598","4.463862","Paddock","1826"
"36","Konkel","50.836926","4.467474","Bouleaux","1835"
"36","Konkel","0.0","0.0","Stockel","1879"
"36","Konkel","50.841322","4.459728","Gersis","1828"
"36","Konkel","50.842242","4.456536","Val des Seigneurs","1829"
"36","Schuman","50.842081","4.450887","Konkel","1830"
"36","Schuman","50.841945","4.456930","Val des Seigneurs","1846"
"36","Schuman","50.841108","4.459907","Gersis","1847"
"36","Schuman","50.823825","4.353143","Stockel","1848"
"36","Schuman","50.836980","4.467214","Bouleaux","1840"
"36","Schuman","50.833162","4.463477","Paddock","1850"
"36","Schuman","50.828542","4.462659","Sainte-Alix","1851"
"36","Schuman","50.825841","4.456976","Vander Meerschen","1852"
"36","Schuman","50.829269","4.455366","Manoir d'Anjou","1853"
"36","Schuman","50.831076","4.452242","Rue au Bois","1854"
"36","Schuman","50.832842","4.446584","Mareyde","1841"
"36","Schuman","50.831564","4.443634","Mertens","1856"
"36","Schuman","50.831400","4.437821","Kelle","1857"
"36","Schuman","0.0","0.0","Woluwe","1858"
"36","Schuman","50.834884","4.429254","Chien Vert","1859"
"36","Schuman","50.833549","4.420338","Jules Cesar","1860"
"36","Schuman","50.830996","4.418354","Ocean Atlantique","1861"
"36","Schuman","50.827961","4.418128","Chant d'Oiseau","1862"
"36","Schuman","50.825020","4.415290","Mouettes","1863"
"36","Schuman","50.826031","4.412728","Dreve de Nivelles","1864"
"36","Schuman","50.828780","4.408268","Baron de Castro","1865"
"36","Schuman","50.832162","4.404083","Boileau","1866"
"36","Schuman","0.0","0.0","Thieffry","1867"
"36","Schuman","50.832883","4.398917","Roi Vainqueur","1868"
"36","Schuman","50.832786","4.395933","Onze Novembre","1869"
"36","Schuman","50.831161","4.389874","La Chasse","1870"
"36","Schuman","0.0","0.0","Louis Hap","1871"
"36","Schuman","0.0","0.0","Leman","1872"
"36","Schuman","50.839106","4.385817","Nerviens","1873"
"36","Schuman","0.0","0.0","Breydel","1417"
"36","Schuman","0.0","0.0","Schuman","3399"
"38","Heros","50.872992","4.376771","Anspach-De Brouckere","1576"
"38","Heros","0.0","0.0","Assaut","1575"
"38","Heros","0.0","0.0","Gare Centrale","3264"
"38","Heros","50.844123","4.359055","Bozar","3502"
"38","Heros","50.842487","4.358970","Royale","3503"
"38","Heros","0.0","0.0","Trone","1130"
"38","Heros","50.839842","4.369371","Science","1729"
"38","Heros","0.0","0.0","Luxembourg","1907"
"38","Heros","0.0","0.0","Parnasse","1908"
"38","Heros","50.832940","4.374842","Blyckaerts","1909"
"38","Heros","50.830855","4.373536","Malibran","1910"
"38","Heros","50.828040","4.371704","Flagey","3122"
"38","Heros","50.825678","4.369486","Biarritz","1903"
"38","Heros","50.823557","4.367669","Vleurgat","1912"
"38","Heros","50.819647","4.366233","Van Eyck","1913"
"38","Heros","50.817394","4.366481","Patton","1914"
"38","Heros","50.815338","4.367106","Bascule","1915"
"38","Heros","50.812034","4.367336","Longchamp","1916"
"38","Heros","50.811096","4.362452","Gossart","1917"
"38","Heros","50.809738","4.365162","Montjoie","1918"
"38","Heros","50.806357","4.366364","Rene Gobert","1919"
"38","Heros","50.803796","4.361786","Floride","1920"
"38","Heros","50.804353","4.356523","Houzeau","1921"
"38","Heros","50.803921","4.349047","Statuaires","1942"
"38","De Brouckere","0.0","0.0","Heros","9024"
"38","De Brouckere","50.803912","4.349486","Statuaires","1943"
"38","De Brouckere","50.804313","4.354864","Zeecrabbe","1968"
"38","De Brouckere","50.804084","4.358041","Houzeau","1969"
"38","De Brouckere","50.803733","4.361942","Floride","1970"
"38","De Brouckere","50.806745","4.366326","Rene Gobert","1971"
"38","De Brouckere","50.810053","4.364538","Montjoie","1972"
"38","De Brouckere","50.811068","4.362587","Gossart","1973"
"38","De Brouckere","50.811977","4.367858","Longchamp","5255"
"38","De Brouckere","50.814988","4.368213","Bascule","5256"
"38","De Brouckere","50.816034","4.366957","Bascule","1975"
"38","De Brouckere","50.821452","4.366581","Van Eyck","1976"
"38","De Brouckere","50.823501","4.367848","Vleurgat","1977"
"38","De Brouckere","50.825853","4.369757","Biarritz","1986"
"38","De Brouckere","50.828273","4.372017","Flagey","6112"
"38","De Brouckere","50.830576","4.373493","Malibran","1980"
"38","De Brouckere","50.833175","4.374767","Blyckaerts","1981"
"38","De Brouckere","0.0","0.0","Parnasse","1982"
"38","De Brouckere","0.0","0.0","Luxembourg","4367"
"38","De Brouckere","50.839925","4.369258","Science","1776"
"38","De Brouckere","0.0","0.0","Trone","1163"
"38","De Brouckere","0.0","0.0","Ducale","1990"
"38","De Brouckere","50.842748","4.358813","Royale","3567"
"38","De Brouckere","0.0","0.0","Bozar","3568"
"38","De Brouckere","0.0","0.0","Gare Centrale","3322"
"38","De Brouckere","0.0","0.0","Arenberg","1502"
"38","De Brouckere","0.0","0.0","De Brouckere","1501"
"41","Heros","50.812231","4.429126","Herrmann-Debroux","2050"
"41","Heros","50.812487","4.428388","Herrmann-Debroux","1754"
"41","Heros","0.0","0.0","Demey","2724"
"41","Heros","50.814222","4.419678","Vignette","4407"
"41","Heros","50.812820","4.417406","Pecheries","4452"
"41","Heros","50.810857","4.418484","Tritomas","4449"
"41","Heros","50.810259","4.416127","Archiducs","4454"
"41","Heros","50.811020","4.411197","Hannetons","4455"
"41","Heros","50.810757","4.407004","Loutrier","4456"
"41","Heros","50.810030","4.403172","Keym","4358"
"41","Heros","50.809788","4.399271","Watermael Gare","2079"
"41","Heros","50.806201","4.400576","Bien-Faire","2107"
"41","Heros","50.803869","4.399600","Dries","2016"
"41","Heros","50.801479","4.396951","Futaie","2018"
"41","Heros","50.801438","4.393009","Boondael Gare","5451"
"41","Heros","0.0","0.0","Sapiniere","2045"
"41","Heros","50.799463","4.379178","Gendarmes","5458"
"41","Heros","0.0","0.0","Montana","2761"
"41","Heros","50.801453","4.373590","Vert Chasseur","2762"
"41","Heros","50.804883","4.368986","Hopital Sainte-Elisabeth","2763"
"41","Heros","50.803796","4.361786","Floride","1920"
"41","Heros","50.804353","4.356523","Houzeau","1921"
"41","Heros","50.803921","4.349047","Statuaires","1942"
"41","Herrmann-Debroux","0.0","0.0","Heros","9024"
"41","Herrmann-Debroux","0.0","0.0","Statuaires","2722"
"41","Herrmann-Debroux","0.0","0.0","Hopital Deux Alice","2712"
"41","Herrmann-Debroux","0.0","0.0","Houzeau","2130"
"41","Herrmann-Debroux","50.803733","4.361942","Floride","1970"
"41","Herrmann-Debroux","50.804785","4.368837","Hopital Sainte-Elisabeth","2714"
"41","Herrmann-Debroux","50.802349","4.372922","Vert Chasseur","2715"
"41","Herrmann-Debroux","0.0","0.0","Montana","2716"
"41","Herrmann-Debroux","50.799430","4.379302","Gendarmes","2721"
"41","Herrmann-Debroux","0.0","0.0","Sapiniere","2731"
"41","Herrmann-Debroux","50.801169","4.393449","Boondael Gare","5416"
"41","Herrmann-Debroux","50.801644","4.396923","Futaie","2074"
"41","Herrmann-Debroux","50.804133","4.400260","Dries","2076"
"41","Herrmann-Debroux","50.806250","4.400630","Bien-Faire","2115"
"41","Herrmann-Debroux","50.809661","4.399387","Watermael Gare","2080"
"41","Herrmann-Debroux","50.809616","4.403442","Keym","4310"
"41","Herrmann-Debroux","50.810748","4.407132","Loutrier","4401"
"41","Herrmann-Debroux","50.810919","4.411512","Hannetons","4402"
"41","Herrmann-Debroux","50.809485","4.416856","Archiducs","4403"
"41","Herrmann-Debroux","50.810940","4.418766","Tritomas","4408"
"41","Herrmann-Debroux","50.813198","4.417236","Pecheries","4405"
"41","Herrmann-Debroux","50.813655","4.419876","Vignette","3549"
"41","Herrmann-Debroux","0.0","0.0","Demey","3548"
"41","Herrmann-Debroux","50.812231","4.429126","Herrmann-Debroux","2050"
"42","Transvaal","50.866116","4.453828","Viaduc E 40","2015"
"42","Transvaal","0.0","0.0","Viaduc E 40","2006"
"42","Transvaal","50.864124","4.456697","Thumas","2029"
"42","Transvaal","50.862491","4.457417","Saint-Antoine","2017"
"42","Transvaal","0.0","0.0","Annecy","2025"
"42","Transvaal","50.856374","4.450134","Lenneke Mare","9851"
"42","Transvaal","0.0","0.0","Hof Ter Musschen","2036"
"42","Transvaal","50.852840","4.452738","UCL Saint-Luc","2069"
"42","Transvaal","50.852563","4.455372","Dunette","2027"
"42","Transvaal","50.854452","4.447756","Hof Ter Musschen","9853"
"42","Transvaal","50.853935","4.443430","Thiry-Woluwe","2028"
"42","Transvaal","50.854908","4.438887","Marcel Thiry","1553"
"42","Transvaal","50.852490","4.437386","Peupliers","1554"
"42","Transvaal","50.851026","4.434771","Charmille","1550"
"42","Transvaal","50.873218","4.376999","Roodebeek","1577"
"42","Transvaal","0.0","0.0","Vellemolen","1305"
"42","Transvaal","0.0","0.0","Debecker","1998"
"42","Transvaal","0.0","0.0","Voot","2003"
"42","Transvaal","0.0","0.0","Fabry","2004"
"42","Transvaal","0.0","0.0","Parc des Sources","2005"
"42","Transvaal","50.774289","4.338893","Woluwe","1817"
"42","Transvaal","0.0","0.0","Empain","2007"
"42","Transvaal","0.0","0.0","Val Duchesse","2008"
"42","Transvaal","50.818551","4.427289","Rond-point du Souverain","2009"
"42","Transvaal","50.824363","4.336042","Auderghem-Shopping","1730"
"42","Transvaal","50.812357","4.429112","Herrmann-Debroux","2046"
"42","Transvaal","0.0","0.0","Schoonejans","1723"
"42","Transvaal","50.809887","4.436147","Sacre Coeur","1724"
"42","Viaduc","50.808245","4.435562","Transvaal","1725"
"42","Viaduc","50.810343","4.435688","Sacre Coeur","1752"
"42","Viaduc","50.811842","4.432488","Schoonejans","1753"
"42","Viaduc","50.812487","4.428388","Herrmann-Debroux","1754"
"42","Viaduc","0.0","0.0","Auderghem-Shopping","2061"
"42","Viaduc","50.818479","4.427715","Rond-point du Souverain","2058"
"42","Viaduc","0.0","0.0","Val Duchesse","2059"
"42","Viaduc","0.0","0.0","Empain","2060"
"42","Viaduc","0.0","0.0","Woluwe","1858"
"42","Viaduc","0.0","0.0","Parc des Sources","2062"
"42","Viaduc","0.0","0.0","Fabry","2063"
"42","Viaduc","0.0","0.0","Voot","2064"
"42","Viaduc","0.0","0.0","Vellemolen","2065"
"42","Viaduc","50.860360","4.355422","Roodebeek","1530"
"42","Viaduc","50.850757","4.434245","Charmille","1540"
"42","Viaduc","50.852894","4.437955","Peupliers","1525"
"42","Viaduc","50.854788","4.440301","Marcel Thiry","1551"
"42","Viaduc","50.854805","4.445186","Thiry-Woluwe","2022"
"42","Viaduc","0.0","0.0","Hof Ter Musschen","2040"
"42","Viaduc","50.852840","4.452738","UCL Saint-Luc","2084"
"42","Viaduc","50.852563","4.455371","Dunette","2085"
"42","Viaduc","50.856481","4.450342","Lenneke Mare","9876"
"42","Viaduc","0.0","0.0","Annecy","2071"
"42","Viaduc","0.0","0.0","Saint-Antoine","2075"
"42","Viaduc","50.864773","4.456784","Thumas","2087"
"43","Vivier d'Oie ","50.803306","4.342621","Heros","1951"
"43","Vivier d'Oie ","0.0","0.0","Globe","1984"
"43","Vivier d'Oie ","0.0","0.0","Rittweger","1926"
"43","Vivier d'Oie ","0.0","0.0","Trois Arbres","1928"
"43","Vivier d'Oie ","0.0","0.0","Uccle Calevoet","5817"
"43","Vivier d'Oie ","50.789477","4.333814","Engeland","1929"
"43","Vivier d'Oie ","50.827432","4.301067","Chateau d'Or","1930"
"43","Vivier d'Oie ","50.784248","4.332705","Bigarreaux","1931"
"43","Vivier d'Oie ","50.781047","4.332395","Griottes","1932"
"43","Vivier d'Oie ","0.0","0.0","Moensberg Station","1933"
"43","Vivier d'Oie ","50.827377","4.301306","Bourdon","1934"
"43","Vivier d'Oie ","50.773299","4.336027","Braves","1935"
"43","Vivier d'Oie ","50.774094","4.338942","Linkebeek Gare","1936"
"43","Vivier d'Oie ","50.776778","4.339069","Hospices","1944"
"43","Vivier d'Oie ","50.779610","4.338295","Homborch","1938"
"43","Vivier d'Oie ","50.782011","4.341228","Gazelle","2099"
"43","Vivier d'Oie ","50.780305","4.349198","Pasteur","2112"
"43","Vivier d'Oie ","50.778337","4.354473","Verrewinkel","2103"
"43","Vivier d'Oie ","50.782621","4.357010","Gui","2104"
"43","Vivier d'Oie ","0.0","0.0","Kauwberg","2113"
"43","Vivier d'Oie ","50.792486","4.359972","De Wansijn","1739"
"43","Vivier d'Oie ","50.824145","4.325624","Place Saint-Job","1740"
"43","Vivier d'Oie ","50.794519","4.366122","Place Saint-Job","2108"
"43","Vivier d'Oie ","0.0","0.0","Vivier d'Oie","2110"
"43","Heros","0.0","0.0","Vivier d'Oie","2109"
"43","Heros","0.0","0.0","Place Saint-Job","2152"
"43","Heros","50.825276","4.339113","Place Saint-Job","1735"
"43","Heros","50.792251","4.359013","De Wansijn","1736"
"43","Heros","0.0","0.0","De Wansijn","2154"
"43","Heros","0.0","0.0","Kauwberg","2114"
"43","Heros","50.782373","4.356859","Gui","2156"
"43","Heros","50.778040","4.354289","Verrewinkel","2157"
"43","Heros","50.780341","4.349113","Pasteur","2161"
"43","Heros","50.782155","4.341157","Gazelle","2167"
"43","Heros","50.779458","4.338791","Homborch","2168"
"43","Heros","0.0","0.0","Biches","2169"
"43","Heros","50.776272","4.342435","Cabris","1953"
"43","Heros","50.774085","4.338772","Linkebeek Gare","1954"
"43","Heros","50.773632","4.335874","Braves","1955"
"43","Heros","0.0","0.0","Bourdon","1956"
"43","Heros","0.0","0.0","Moensberg Station","1957"
"43","Heros","0.0","0.0","Griottes","1958"
"43","Heros","50.784023","4.332988","Bigarreaux","1959"
"43","Heros","50.821478","4.387689","Chateau d'Or","1960"
"43","Heros","0.0","0.0","Engeland","1961"
"43","Heros","50.791242","4.332898","Uccle Calevoet","1962"
"43","Heros","0.0","0.0","Trois Arbres","1995"
"43","Heros","50.797648","4.336207","Rittweger","1964"
"43","Heros","0.0","0.0","Globe","1985"
"43","Heros","50.803542","4.341571","Heros","5058"
"45","Saint-Vincent","0.0","0.0","Roodebeek","1537"
"45","Saint-Vincent","50.850757","4.434245","Charmille","1540"
"45","Saint-Vincent","50.852894","4.437955","Peupliers","1525"
"45","Saint-Vincent","50.855610","4.438959","Marcel Thiry","1531"
"45","Saint-Vincent","0.0","0.0","Tractebel","1532"
"45","Saint-Vincent","50.859190","4.358469","Gulledelle","1536"
"45","Saint-Vincent","50.855498","4.428174","Gulledelle","1533"
"45","Saint-Vincent","50.860617","4.420453","Ciceron","1534"
"45","Saint-Vincent","0.0","0.0","De Lombaerde","1538"
"45","Saint-Vincent","50.859649","4.414209","Paduwa","1535"
"45","Saint-Vincent","50.861276","4.412642","Guillaume","3402"
"45","Saint-Vincent","50.865035","4.408995","Dunant","3403"
"45","Saint-Vincent","50.867930","4.406426","Loisirs","3404"
"45","Saint-Vincent","0.0","0.0","Permeke","3416"
"45","Saint-Vincent","50.871958","4.403830","Hoedemaekers","3306"
"45","Saint-Vincent","50.874341","4.403888","Oud-Kapelleke","3420"
"45","Saint-Vincent","0.0","0.0","Bordet Station","3278"
"45","Saint-Vincent","0.0","0.0","Vandenhoven","3126"
"45","Roodebeek","0.0","0.0","Saint-Vincent","9290"
"45","Roodebeek","50.882205","4.407163","Vandenhoven","3176"
"45","Roodebeek","0.0","0.0","Bordet Station","3205"
"45","Roodebeek","50.874152","4.403007","Oud-Kapelleke","2924"
"45","Roodebeek","50.871770","4.403872","Hoedemaekers","3361"
"45","Roodebeek","0.0","0.0","Permeke","3471"
"45","Roodebeek","50.867930","4.406270","Loisirs","3458"
"45","Roodebeek","50.863443","4.410272","Dunant","3459"
"45","Roodebeek","50.861101","4.412554","Guillaume","3460"
"45","Roodebeek","50.859327","4.415634","Paduwa","3461"
"45","Roodebeek","50.860337","4.421547","Ciceron","3462"
"45","Roodebeek","50.855561","4.428543","Gulledelle","3463"
"45","Roodebeek","50.852420","4.351157","Gulledelle","3465"
"45","Roodebeek","0.0","0.0","Tractebel","3464"
"45","Roodebeek","50.854908","4.438887","Marcel Thiry","1553"
"45","Roodebeek","50.852490","4.437386","Peupliers","1554"
"45","Roodebeek","50.851026","4.434771","Charmille","1550"
"45","Roodebeek","50.873218","4.376999","Roodebeek","1577"
"46","De Brouckere","50.841799","4.286876","Moortebeek","1201"
"46","De Brouckere","50.838025","4.284196","Westland Shopping","1203"
"46","De Brouckere","50.834966","4.280497","Pommier","1487"
"46","De Brouckere","50.833205","4.282502","Sibelius","3752"
"46","De Brouckere","50.829211","4.281613","Neerpede","3751"
"46","De Brouckere","50.829451","4.286071","Vanhellemont","3756"
"46","De Brouckere","50.831225","4.290057","Scherdemael","3755"
"46","De Brouckere","50.833458","4.295192","Hopital Joseph Bracops","2319"
"46","De Brouckere","50.835331","4.299476","De Linde","2518"
"46","De Brouckere","0.0","0.0","Saint-Guidon","2256"
"46","De Brouckere","0.0","0.0","Resistance","2257"
"46","De Brouckere","0.0","0.0","Douvres","6858"
"46","De Brouckere","50.837022","4.318582","Cureghem","2259"
"46","De Brouckere","50.839213","4.323316","Albert I","2260"
"46","De Brouckere","50.841816","4.330106","Clemenceau","2261"
"46","De Brouckere","50.843741","4.335201","Liverpool","2262"
"46","De Brouckere","0.0","0.0","Porte d'Anderlecht","2263"
"46","De Brouckere","50.846737","4.343922","Buanderie","2264"
"46","De Brouckere","0.0","0.0","Bourse","2265"
"46","De Brouckere","0.0","0.0","Parking 58","2253"
"46","Moortebeek","0.0","0.0","De Brouckere","2270"
"46","Moortebeek","50.848383","4.346700","Bourse","2212"
"46","Moortebeek","50.846143","4.342782","Buanderie","2213"
"46","Moortebeek","0.0","0.0","Porte d'Anderlecht","2214"
"46","Moortebeek","50.843561","4.333980","Liverpool","2215"
"46","Moortebeek","50.841816","4.329864","Clemenceau","2216"
"46","Moortebeek","50.839134","4.322911","Albert I","2217"
"46","Moortebeek","50.836803","4.318060","Cureghem","2218"
"46","Moortebeek","0.0","0.0","Douvres","6809"
"46","Moortebeek","0.0","0.0","Resistance","2220"
"46","Moortebeek","0.0","0.0","Saint-Guidon","2535"
"46","Moortebeek","0.0","0.0","Saint-Guidon","2320"
"46","Moortebeek","50.833035","4.302810","Meir","2323"
"46","Moortebeek","50.835428","4.298979","De Linde","2373"
"46","Moortebeek","50.833718","4.295433","Hopital Joseph Bracops","2375"
"46","Moortebeek","50.830981","4.289291","Scherdemael","3713"
"46","Moortebeek","50.829471","4.285828","Vanhellemont","3712"
"46","Moortebeek","50.829351","4.281717","Neerpede","3718"
"46","Moortebeek","50.833404","4.282615","Sibelius","3717"
"46","Moortebeek","50.838385","4.284139","Westland Shopping","1261"
"46","Moortebeek","50.841799","4.286876","Moortebeek","1201"
"47","Vilvorde","0.0","0.0","De Brouckere","2350"
"47","Vilvorde","0.0","0.0","Parking 58","2253"
"47","Vilvorde","0.0","0.0","Beguinage","2267"
"47","Vilvorde","0.0","0.0","Yser","2235"
"47","Vilvorde","50.859189","4.354777","Nicolay","2269"
"47","Vilvorde","50.861783","4.356277","WTC","9026"
"47","Vilvorde","50.864161","4.357517","Glibert","2271"
"47","Vilvorde","0.0","0.0","Destouvelles","2204"
"47","Vilvorde","0.0","0.0","Jules de Trooz","6168"
"47","Vilvorde","0.0","0.0","Mabru","2200"
"47","Vilvorde","0.0","0.0","Quai des Usines","2201"
"47","Vilvorde","0.0","0.0","Van Praet","5770"
"47","Vilvorde","0.0","0.0","Avant-Port","2309"
"47","Vilvorde","0.0","0.0","Heembeek","2310"
"47","Vilvorde","0.0","0.0","Pres Communs","2311"
"47","Vilvorde","0.0","0.0","Zavelput","2312"
"47","Vilvorde","0.0","0.0","Peter Benoit","2313"
"47","Vilvorde","0.0","0.0","Ramier","2314"
"47","Vilvorde","0.0","0.0","Chemin Vert","2315"
"47","Vilvorde","0.0","0.0","Trassersweg","2316"
"47","Vilvorde","0.0","0.0","Antoon van Oss","2317"
"47","Vilvorde","0.0","0.0","Dghr Domaine Militaire","3064"
"47","Vilvorde","0.0","0.0","CRS","2321"
"47","Vilvorde","0.0","0.0","Hopital Militaire","3001"
"47","Vilvorde","0.0","0.0","Hoogveld","9609"
"47","Vilvorde","50.914188","4.398946","VTM","9608"
"47","Vilvorde","50.916874","4.402265","Twee Leeuwenweg","9607"
"47","Vilvorde","50.919385","4.408237","Ennepetal","9631"
"47","Vilvorde","0.0","0.0","Minnemolen","9626"
"47","Vilvorde","0.0","0.0","Vlierkens","9627"
"47","Vilvorde","0.0","0.0","Kerk Vilvoorde","9783"
"47","Vilvorde","0.0","0.0","Heldenplein","9780"
"47","Vilvorde","0.0","0.0","Vilvorde Station","9784"
"47","De Brouckere","0.0","0.0","Vilvorde Station","9784"
"47","De Brouckere","0.0","0.0","Heldenplein","9786"
"47","De Brouckere","0.0","0.0","Kerk Vilvoorde","9787"
"47","De Brouckere","0.0","0.0","Sportcomplex","9788"
"47","De Brouckere","0.0","0.0","Jordaen","9707"
"47","De Brouckere","0.0","0.0","Minnemolen","9605"
"47","De Brouckere","50.919556","4.406551","Ennepetal","9606"
"47","De Brouckere","50.916875","4.402106","Twee Leeuwenweg","9632"
"47","De Brouckere","50.914170","4.397798","VTM","9634"
"47","De Brouckere","0.0","0.0","Hoogveld","9635"
"47","De Brouckere","0.0","0.0","Hopital Militaire","2352"
"47","De Brouckere","0.0","0.0","CRS","2353"
"47","De Brouckere","0.0","0.0","Dghr Domaine Militaire","3002"
"47","De Brouckere","0.0","0.0","Antoon van Oss","2358"
"47","De Brouckere","0.0","0.0","Trassersweg","2359"
"47","De Brouckere","0.0","0.0","Chemin Vert","2360"
"47","De Brouckere","0.0","0.0","Ramier","2361"
"47","De Brouckere","0.0","0.0","Peter Benoit","2362"
"47","De Brouckere","0.0","0.0","Zavelput","2363"
"47","De Brouckere","0.0","0.0","Pres Communs","2364"
"47","De Brouckere","0.0","0.0","Heembeek","2374"
"47","De Brouckere","0.0","0.0","Van Praet","2376"
"47","De Brouckere","0.0","0.0","Quai des Usines","2300"
"47","De Brouckere","0.0","0.0","Mabru","2318"
"47","De Brouckere","0.0","0.0","Jules de Trooz","6103"
"47","De Brouckere","50.868871","4.362104","Masui","6123"
"47","De Brouckere","0.0","0.0","Destouvelles","2203"
"47","De Brouckere","50.864233","4.357417","Glibert","2207"
"47","De Brouckere","50.861751","4.356097","WTC","9025"
"47","De Brouckere","50.858919","4.354478","Nicolay","2209"
"47","De Brouckere","0.0","0.0","Yser","2236"
"47","De Brouckere","0.0","0.0","Beguinage","2211"
"48","Uccle Stalle","0.0","0.0","Bourse","1701"
"48","Uccle Stalle","50.829003","4.362507","Saint-Jean","1702"
"48","Uccle Stalle","0.0","0.0","Grand Sablon","1703"
"48","Uccle Stalle","50.840890","4.350595","Chapelle","1167"
"48","Uccle Stalle","50.837426","4.346872","Jeu de Balle","1168"
"48","Uccle Stalle","50.834403","4.343214","Porte de Hal","1169"
"48","Uccle Stalle","0.0","0.0","Fontainas","2418"
"48","Uccle Stalle","50.830628","4.344210","Parvis de Saint-Gilles","2402"
"48","Uccle Stalle","50.841778","4.358713","Barriere","1218"
"48","Uccle Stalle","50.825323","4.338635","Combaz","2404"
"48","Uccle Stalle","50.824360","4.335499","Rochefort","5115"
"48","Uccle Stalle","50.821348","4.334025","Laine","2407"
"48","Uccle Stalle","50.820882","4.338183","Mont Kemmel","2408"
"48","Uccle Stalle","0.0","0.0","Albert","2957"
"48","Uccle Stalle","50.818572","4.340952","Timmermans","5810"
"48","Uccle Stalle","50.816262","4.339974","Moliere-Longchamp","5811"
"48","Uccle Stalle","50.816239","4.335899","Altitude Cent","2410"
"48","Uccle Stalle","0.0","0.0","Duden","2411"
"48","Uccle Stalle","50.810676","4.329038","Domaine","2412"
"48","Uccle Stalle","0.0","0.0","Forestoise","2413"
"48","Uccle Stalle","50.804317","4.327933","Decroly","2414"
"48","Uccle Stalle","50.802945","4.330492","Aulne","2415"
"48","Uccle Stalle","0.0","0.0","Victor Allard","2416"
"48","Bourse","0.0","0.0","Uccle Stalle","2417"
"48","Bourse","50.800727","4.327285","Victor Allard","2452"
"48","Bourse","50.804626","4.328093","Decroly","2453"
"48","Bourse","0.0","0.0","Forestoise","2454"
"48","Bourse","50.810911","4.329166","Domaine","2455"
"48","Bourse","50.814768","4.332896","Duden","2456"
"48","Bourse","50.816311","4.336160","Altitude Cent","2457"
"48","Bourse","50.816405","4.340144","Moliere-Longchamp","5858"
"48","Bourse","50.818968","4.341236","Timmermans","5859"
"48","Bourse","0.0","0.0","Albert","2934"
"48","Bourse","50.821104","4.337835","Mont Kemmel","2459"
"48","Bourse","50.821061","4.334649","Laine","2460"
"48","Bourse","50.824403","4.336018","Rochefort","2462"
"48","Bourse","50.825317","4.339086","Combaz","2463"
"48","Bourse","0.0","0.0","Barriere","5160"
"48","Bourse","50.830153","4.344556","Parvis de Saint-Gilles","2465"
"48","Bourse","50.832571","4.344302","Porte de Hal","2467"
"48","Bourse","50.834700","4.346152","Hopital Saint-Pierre","1125"
"48","Bourse","50.837424","4.349035","Jeu de Balle","1126"
"48","Bourse","50.841246","4.351814","Chapelle","1127"
"48","Bourse","0.0","0.0","Saint-Jean","1771"
"48","Bourse","0.0","0.0","Plattesteen","1772"
"49","Bockstael","50.836331","4.337828","Gare du Midi","2531"
"49","Bockstael","50.834096","4.335818","Suede","2539"
"49","Bockstael","50.831389","4.332229","Avenue du Roi","2544"
"49","Bockstael","50.827133","4.327205","Orban","2553"
"49","Bockstael","50.824159","4.325394","Wiels","2546"
"49","Bockstael","50.822171","4.321734","Charroi","2551"
"49","Bockstael","50.823497","4.316113","Ile Sainte-Helene","2556"
"49","Bockstael","0.0","0.0","Digue du Canal","2557"
"49","Bockstael","50.827044","4.305009","Van Kalken","2550"
"49","Bockstael","50.828949","4.302693","Aristide Briand","2252"
"49","Bockstael","0.0","0.0","Veeweyde","2580"
"49","Bockstael","50.832176","4.302034","Meir","2254"
"49","Bockstael","0.0","0.0","Saint-Guidon","2256"
"49","Bockstael","0.0","0.0","Maison d'Erasme","2562"
"49","Bockstael","50.839281","4.306877","Beaute","2560"
"49","Bockstael","50.841912","4.303236","Jacob Smits","2561"
"49","Bockstael","50.843753","4.300032","Paulsen","1257"
"49","Bockstael","0.0","0.0","Peterbos","2579"
"49","Bockstael","0.0","0.0","Prince de Liege","2564"
"49","Bockstael","50.851655","4.300702","Machtens","2565"
"49","Bockstael","0.0","0.0","Candries","2566"
"49","Bockstael","50.856901","4.309400","Leroy","2567"
"49","Bockstael","50.858682","4.311784","Cimetiere Molenbeek","2568"
"49","Bockstael","50.862379","4.316595","Bastogne","2569"
"49","Bockstael","50.864784","4.318871","Bossaert-Basilique","2570"
"49","Bockstael","50.868071","4.321206","Riethuisen","2571"
"49","Bockstael","50.869995","4.322582","Simpson","2572"
"49","Bockstael","0.0","0.0","Miroir","2573"
"49","Bockstael","0.0","0.0","Leopold I","2574"
"49","Bockstael","50.874710","4.333290","Woeste","2575"
"49","Bockstael","0.0","0.0","Loyaute","2576"
"49","Bockstael","0.0","0.0","Breesch","9027"
"49","Bockstael","0.0","0.0","Bockstael","2202"
"49","Gare du Midi","0.0","0.0","Bockstael","2862"
"49","Gare du Midi","0.0","0.0","Breesch","2502"
"49","Gare du Midi","0.0","0.0","Loyaute","2503"
"49","Gare du Midi","50.874395","4.332338","Woeste","2504"
"49","Gare du Midi","0.0","0.0","Leopold I","2505"
"49","Gare du Midi","0.0","0.0","Miroir","2506"
"49","Gare du Midi","50.869431","4.321781","Simpson","2507"
"49","Gare du Midi","50.866902","4.320028","Riethuisen","2508"
"49","Gare du Midi","50.864744","4.318411","Bossaert-Basilique","2509"
"49","Gare du Midi","0.0","0.0","Bastogne","2510"
"49","Gare du Midi","50.858628","4.311245","Cimetiere Molenbeek","2511"
"49","Gare du Midi","50.856955","4.308918","Leroy","2512"
"49","Gare du Midi","50.854999","4.306058","Candries","2513"
"49","Gare du Midi","50.851754","4.300460","Machtens","2514"
"49","Gare du Midi","50.846278","4.298367","Prince de Liege","2522"
"49","Gare du Midi","0.0","0.0","Peterbos","2536"
"49","Gare du Midi","50.843463","4.300495","Paulsen","1207"
"49","Gare du Midi","50.841453","4.303494","Jacob Smits","2532"
"49","Gare du Midi","0.0","0.0","Beaute","2533"
"49","Gare du Midi","0.0","0.0","Broeren","2534"
"49","Gare du Midi","0.0","0.0","Resistance","3709"
"49","Gare du Midi","0.0","0.0","Saint-Guidon","2535"
"49","Gare du Midi","0.0","0.0","Meir","2223"
"49","Gare du Midi","0.0","0.0","Veeweyde","2517"
"49","Gare du Midi","50.828805","4.303346","Aristide Briand","2225"
"49","Gare du Midi","50.826586","4.304877","Van Kalken","2226"
"49","Gare du Midi","0.0","0.0","Digue du Canal","2521"
"49","Gare du Midi","50.823274","4.316581","Ile Sainte-Helene","2523"
"49","Gare du Midi","50.822309","4.322634","Charroi","2524"
"49","Gare du Midi","50.824878","4.326330","Wiels","5159"
"49","Gare du Midi","50.865284","4.377560","Orban","1243"
"49","Gare du Midi","0.0","0.0","Fierlant","2526"
"49","Gare du Midi","0.0","0.0","Avenue du Roi","2540"
"49","Gare du Midi","50.834213","4.336102","Suede","2671"
"49","Gare du Midi","0.0","0.0","Gare du Midi","2500"
"50","Lot B","0.0","0.0","Gare du Midi","2538"
"50","Lot B","50.834096","4.335818","Suede","2539"
"50","Lot B","50.831389","4.332229","Avenue du Roi","2544"
"50","Lot B","50.827133","4.327205","Orban","2553"
"50","Lot B","50.824159","4.325394","Wiels","2546"
"50","Lot B","50.821668","4.321970","Charroi","2555"
"50","Lot B","0.0","0.0","Anciens Etangs","5912"
"50","Lot B","50.812101","4.318878","Forest Centre","5915"
"50","Lot B","0.0","0.0","Saint-Denis","5719"
"50","Lot B","0.0","0.0","Max Waller","5720"
"50","Lot B","0.0","0.0","Bempt","2608"
"50","Lot B","0.0","0.0","Neerstalle","5721"
"50","Lot B","50.796599","4.309433","Rue Longue","2609"
"50","Lot B","50.794791","4.306641","Gilson","2611"
"50","Lot B","50.789937","4.298511","Kerk Ruisbroek","9651"
"50","Lot B","50.786863","4.296658","Ruisbroek Centrum","9652"
"50","Lot B","50.784025","4.292617","Sportcentrum Ruisbroek","9660"
"50","Lot B","50.781484","4.289118","Kapel Ruisbroek","9654"
"50","Lot B","50.779679","4.286436","Voetbalclub","9655"
"50","Lot B","0.0","0.0","Beka","9656"
"50","Lot B","50.770704","4.278427","Waterbury","9657"
"50","Gare du Midi","50.765858","4.273673","Lot Station","9658"
"50","Gare du Midi","50.767033","4.275008","Station Lot","9659"
"50","Gare du Midi","50.771319","4.279084","Waterbury","9677"
"50","Gare du Midi","0.0","0.0","Beka","9678"
"50","Gare du Midi","50.779512","4.286327","Voetbalclub","9679"
"50","Gare du Midi","50.781303","4.288971","Kapel Ruisbroek","9680"
"50","Gare du Midi","50.784229","4.293069","Sportcentrum Ruisbroek","9685"
"50","Gare du Midi","50.786366","4.296070","Ruisbroek Centrum","9682"
"50","Gare du Midi","50.790324","4.299536","Kerk Ruisbroek","9683"
"50","Gare du Midi","50.794746","4.306627","Gilson","2659"
"50","Gare du Midi","50.796824","4.309901","Rue Longue","2661"
"50","Gare du Midi","0.0","0.0","Uccle Sport","2662"
"50","Gare du Midi","0.0","0.0","Neerstalle","2663"
"50","Gare du Midi","0.0","0.0","Bempt","2669"
"50","Gare du Midi","0.0","0.0","Max Waller","2665"
"50","Gare du Midi","0.0","0.0","Saint-Denis","5152"
"50","Gare du Midi","0.0","0.0","Forest Centre","5161"
"50","Gare du Midi","0.0","0.0","Anciens Etangs","5951"
"50","Gare du Midi","50.822309","4.322634","Charroi","2524"
"50","Gare du Midi","50.824878","4.326330","Wiels","5159"
"50","Gare du Midi","50.865284","4.377560","Orban","1243"
"50","Gare du Midi","0.0","0.0","Fierlant","2526"
"50","Gare du Midi","0.0","0.0","Avenue du Roi","2540"
"50","Gare du Midi","50.834213","4.336102","Suede","2671"
"50","Gare du Midi","0.0","0.0","Gare du Midi","2500"
"53","UZ Brussel","0.0","0.0","Hopital Militaire","2829"
"53","UZ Brussel","0.0","0.0","Hopital Militaire","2352"
"53","UZ Brussel","0.0","0.0","Ferme nos Pilifs","2823"
"53","UZ Brussel","50.899542","4.385206","Val Maria","2822"
"53","UZ Brussel","0.0","0.0","Peter Benoit","2362"
"53","UZ Brussel","0.0","0.0","Zavelput","2363"
"53","UZ Brussel","50.894800","4.380687","Kruipweg","2852"
"53","UZ Brussel","50.896595","4.376599","Beyseghem","2853"
"53","UZ Brussel","50.896271","4.371994","Versailles","2854"
"53","UZ Brussel","50.895813","4.363934","Long Bonnier","2855"
"53","UZ Brussel","0.0","0.0","Pagodes","2856"
"53","UZ Brussel","0.0","0.0","De Wand","2857"
"53","UZ Brussel","50.888680","4.356059","Serres Royales","2875"
"53","UZ Brussel","0.0","0.0","Ecole des Cadets","2858"
"53","UZ Brussel","50.881564","4.354244","Artistes","2860"
"53","UZ Brussel","50.881239","4.348305","Karel Bogaerd","2545"
"53","UZ Brussel","0.0","0.0","Gare Bockstael","4233"
"53","UZ Brussel","0.0","0.0","Bockstael","2501"
"53","UZ Brussel","0.0","0.0","Bockstael","2862"
"53","UZ Brussel","0.0","0.0","Breesch","2577"
"53","UZ Brussel","50.878802","4.342708","Jacobs Fontaine","2863"
"53","UZ Brussel","50.883144","4.341753","Prince Leopold","6173"
"53","UZ Brussel","0.0","0.0","Duysburgh","2865"
"53","UZ Brussel","0.0","0.0","Guillaume de Greef","2859"
"53","UZ Brussel","0.0","0.0","Cimetiere de Jette","2877"
"53","UZ Brussel","0.0","0.0","Jette Gare","2804"
"53","UZ Brussel","50.882386","4.331153","Lorge","2871"
"53","UZ Brussel","50.885793","4.332671","Hopital Brugmann","2867"
"53","UZ Brussel","0.0","0.0","Crocq","2872"
"53","UZ Brussel","50.889929","4.381395","Bonaventure","1068"
"53","UZ Brussel","50.889837","4.380858","Soetens","1069"
"53","UZ Brussel","0.0","0.0","Schuermans","1070"
"53","UZ Brussel","0.0","0.0","Liebrecht","1026"
"53","UZ Brussel","0.0","0.0","Demunter","1080"
"53","UZ Brussel","0.0","0.0","Arbre Ballon-Heymbosch","4224"
"53","UZ Brussel","0.0","0.0","Pompiers-UZ Brussel","1075"
"53","UZ Brussel","0.0","0.0","Laerbeek-UZ Brussel","4225"
"53","UZ Brussel","50.813199","4.324849","UZ Brussel","1074"
"53","Hopital Militaire","50.844568","4.356926","UZ brussel","1001"
"53","Hopital Militaire","0.0","0.0","Laerbeek-UZ Brussel","4070"
"53","Hopital Militaire","50.844659","4.359615","Pompiers-UZ Brussel","1003"
"53","Hopital Militaire","0.0","0.0","Arbre Ballon-Heymbosch","4226"
"53","Hopital Militaire","0.0","0.0","Demunter","1081"
"53","Hopital Militaire","0.0","0.0","Liebrecht","1004"
"53","Hopital Militaire","50.846832","4.356626","Schuermans","1005"
"53","Hopital Militaire","50.866609","4.375391","Dieleghem","1006"
"53","Hopital Militaire","50.866411","4.375226","Bonaventure","1007"
"53","Hopital Militaire","50.884911","4.329588","Crocq","2801"
"53","Hopital Militaire","0.0","0.0","Hopital Brugmann","2802"
"53","Hopital Militaire","50.882851","4.330870","Lorge","2803"
"53","Hopital Militaire","0.0","0.0","Jette Gare","6800"
"53","Hopital Militaire","0.0","0.0","Cimetiere de Jette","2805"
"53","Hopital Militaire","0.0","0.0","Guillaume de Greef","5081"
"53","Hopital Militaire","50.882580","4.341402","Prince Leopold","2807"
"53","Hopital Militaire","50.878667","4.342494","Jacobs Fontaine","2808"
"53","Hopital Militaire","0.0","0.0","Breesch","9027"
"53","Hopital Militaire","0.0","0.0","Bockstael","2202"
"53","Hopital Militaire","0.0","0.0","Gare Bockstael","2825"
"53","Hopital Militaire","50.881167","4.348134","Karel Bogaerd","2809"
"53","Hopital Militaire","50.881483","4.354458","Artistes","2810"
"53","Hopital Militaire","0.0","0.0","Ecole des Cadets","2812"
"53","Hopital Militaire","50.889193","4.357137","Serres Royales","2824"
"53","Hopital Militaire","0.0","0.0","De Wand","2813"
"53","Hopital Militaire","50.895835","4.362800","Pagodes","2814"
"53","Hopital Militaire","0.0","0.0","Long Bonnier","2815"
"53","Hopital Militaire","50.896235","4.372264","Versailles","2816"
"53","Hopital Militaire","50.896604","4.377040","Beyseghem","2817"
"53","Hopital Militaire","50.894518","4.380869","Kruipweg","2819"
"53","Hopital Militaire","0.0","0.0","Zavelput","2312"
"53","Hopital Militaire","0.0","0.0","Peter Benoit","2313"
"53","Hopital Militaire","0.0","0.0","Val Maria","2826"
"53","Hopital Militaire","0.0","0.0","Wimpelberg","2328"
"53","Hopital Militaire","50.903020","4.386491","Ferme nos Pilifs","2827"
"53","Hopital Militaire","0.0","0.0","Hopital Militaire","2829"
"54","Forest Centre","0.0","0.0","Luxembourg","1162"
"54","Forest Centre","50.839925","4.369258","Science","1776"
"54","Forest Centre","0.0","0.0","Trone","1163"
"54","Forest Centre","0.0","0.0","Porte de Namur","3504"
"54","Forest Centre","0.0","0.0","Matonge","3518"
"54","Forest Centre","50.835086","4.363978","Quartier St-Boniface","3506"
"54","Forest Centre","50.833057","4.366481","Fernand Cocq","2928"
"54","Forest Centre","50.829776","4.364338","Vanne","2929"
"54","Forest Centre","0.0","0.0","Bailli","2949"
"54","Forest Centre","0.0","0.0","Trinite","2931"
"54","Forest Centre","0.0","0.0","Ma Campagne","2932"
"54","Forest Centre","50.822511","4.346584","Prison","2950"
"54","Forest Centre","0.0","0.0","Albert","2934"
"54","Forest Centre","50.819540","4.336742","Jupiter","2935"
"54","Forest Centre","50.816169","4.333783","Tournoi","2936"
"54","Forest Centre","0.0","0.0","Duden","2411"
"54","Forest Centre","0.0","0.0","Mystere","2937"
"54","Forest Centre","0.0","0.0","Forest National","2938"
"54","Forest Centre","0.0","0.0","Gare Forest-Est","2939"
"54","Forest Centre","0.0","0.0","Saint-Denis","5152"
"54","Forest Centre","0.0","0.0","Forest Centre","5161"
"54","Luxembourg","0.0","0.0","Anciens Etangs","5162"
"54","Luxembourg","50.812101","4.318878","Forest Centre","5915"
"54","Luxembourg","0.0","0.0","Saint-Denis","5719"
"54","Luxembourg","0.0","0.0","Gare Forest-Est","2952"
"54","Luxembourg","50.810469","4.326216","Forest National","2953"
"54","Luxembourg","0.0","0.0","Mystere","2954"
"54","Luxembourg","50.814768","4.332896","Duden","2456"
"54","Luxembourg","50.816360","4.333877","Tournoi","2955"
"54","Luxembourg","50.819611","4.336954","Jupiter","2951"
"54","Luxembourg","0.0","0.0","Albert","2957"
"54","Luxembourg","50.822673","4.347875","Prison","2965"
"54","Luxembourg","50.823006","4.353084","Ma Campagne","2959"
"54","Luxembourg","0.0","0.0","Trinite","2960"
"54","Luxembourg","50.827376","4.363997","Bailli","2966"
"54","Luxembourg","50.829891","4.364010","Vanne","2962"
"54","Luxembourg","50.833219","4.366552","Fernand Cocq","2963"
"54","Luxembourg","0.0","0.0","Quartier St-Boniface","2964"
"54","Luxembourg","0.0","0.0","Matonge","2967"
"54","Luxembourg","50.838883","4.363086","Porte de Namur","4952"
"54","Luxembourg","0.0","0.0","Trone","1130"
"54","Luxembourg","50.839842","4.369371","Science","1729"
"54","Luxembourg","50.838936","4.372733","Luxembourg","1233"
"57","Gare du Nord","0.0","0.0","Hopital Militaire","3001"
"57","Gare du Nord","0.0","0.0","Hopital Militaire","2352"
"57","Gare du Nord","0.0","0.0","Crs","2353"
"57","Gare du Nord","0.0","0.0","Dghr Domaine Militaire","3002"
"57","Gare du Nord","0.0","0.0","Antoon van Oss","2358"
"57","Gare du Nord","0.0","0.0","Trassersweg","2359"
"57","Gare du Nord","0.0","0.0","Chemin Vert","2360"
"57","Gare du Nord","0.0","0.0","Marly","3003"
"57","Gare du Nord","0.0","0.0","Pavillons Meudon","3013"
"57","Gare du Nord","50.892136","4.395871","Trois Pertuis","3005"
"57","Gare du Nord","50.890435","4.390484","Rive Gauche","3014"
"57","Gare du Nord","50.887790","4.384372","Biebuyck","3007"
"57","Gare du Nord","50.885567","4.379059","Avant-Port","3008"
"57","Gare du Nord","0.0","0.0","Van Praet","2376"
"57","Gare du Nord","0.0","0.0","Outre-Ponts","2368"
"57","Gare du Nord","0.0","0.0","Claessens","2325"
"57","Gare du Nord","50.868610","4.353112","Entrepot","2370"
"57","Gare du Nord","0.0","0.0","Steamers","2371"
"57","Gare du Nord","50.867597","4.336128","Armateurs","1021"
"57","Gare du Nord","0.0","0.0","Willebroek","1016"
"57","Gare du Nord","0.0","0.0","Wtc","1022"
"57","Gare du Nord","0.0","0.0","Gare du Nord","1023"
"57","Hopital Militaire","0.0","0.0","Gare du Nord","1029"
"57","Hopital Militaire","0.0","0.0","WTC","1052"
"57","Hopital Militaire","0.0","0.0","Willebroek","1051"
"57","Hopital Militaire","50.899278","4.399029","Armateurs","1054"
"57","Hopital Militaire","0.0","0.0","Steamers","2304"
"57","Hopital Militaire","50.868341","4.353197","Entrepot","2305"
"57","Hopital Militaire","0.0","0.0","Claessens","2326"
"57","Hopital Militaire","0.0","0.0","Outre-Ponts","2307"
"57","Hopital Militaire","0.0","0.0","Van Praet","2308"
"57","Hopital Militaire","0.0","0.0","Avant-Port","3058"
"57","Hopital Militaire","50.887865","4.384613","Biebuyck","3059"
"57","Hopital Militaire","50.890381","4.391322","Rive Gauche","2327"
"57","Hopital Militaire","50.892025","4.395829","Trois Pertuis","3061"
"57","Hopital Militaire","0.0","0.0","Pavillons Meudon","3065"
"57","Hopital Militaire","50.898460","4.401490","Marly","3063"
"57","Hopital Militaire","0.0","0.0","Chemin Vert","2315"
"57","Hopital Militaire","0.0","0.0","Trassersweg","2316"
"57","Hopital Militaire","0.0","0.0","Antoon van Oss","2317"
"57","Hopital Militaire","0.0","0.0","Dghr Domaine Militaire","3064"
"57","Hopital Militaire","0.0","0.0","CRS","2321"
"57","Hopital Militaire","0.0","0.0","Hopital Militaire","3001"
"58","Yser","50.923537","4.430963","Vilvorde Station","9751"
"58","Yser","50.921767","4.428813","Blokken","9753"
"58","Yser","0.0","0.0","Drie Fonteinen","9754"
"58","Yser","50.912118","4.418122","Bicoque","9755"
"58","Yser","50.907677","4.414105","Diegemstraat","9756"
"58","Yser","50.903895","4.412156","Aquiris","5905"
"58","Yser","50.901712","4.408686","Rive Droite","5906"
"58","Yser","0.0","0.0","Moulin Marly","5909"
"58","Yser","50.889409","4.397078","Chemin de Fer","5910"
"58","Yser","50.885481","4.390023","Monnoyer","5913"
"58","Yser","0.0","0.0","Pont Albert","5911"
"58","Yser","50.879766","4.383871","Zenobe Gramme","3105"
"58","Yser","50.877429","4.379182","Schaerbeek Gare","3106"
"58","Yser","0.0","0.0","Princesse Elisabeth","5302"
"58","Yser","0.0","0.0","Verboekhoven","5710"
"58","Yser","50.869914","4.371608","Pavillon","5741"
"58","Yser","0.0","0.0","Stephenson","5742"
"58","Yser","50.868871","4.362104","Masui","6123"
"58","Yser","0.0","0.0","Destouvelles","2203"
"58","Yser","50.864233","4.357417","Glibert","2207"
"58","Yser","50.861751","4.356097","Wtc","9025"
"58","Yser","0.0","0.0","Gare du Nord","1023"
"58","Yser","0.0","0.0","Rogier","1034"
"58","Vilvoorde","0.0","0.0","Yser","1033"
"58","Vilvoorde","50.859189","4.354777","Nicolay","2269"
"58","Vilvoorde","0.0","0.0","Gare du Nord","1029"
"58","Vilvoorde","50.861783","4.356277","Wtc","9026"
"58","Vilvoorde","50.864161","4.357517","Glibert","2271"
"58","Vilvoorde","0.0","0.0","Destouvelles","2204"
"58","Vilvoorde","50.869410","4.363255","Masui","2237"
"58","Vilvoorde","50.869537","4.367204","Stephenson","2238"
"58","Vilvoorde","50.869824","4.371196","Pavillon","2239"
"58","Vilvoorde","50.871074","4.376438","Verboekhoven","2898"
"58","Vilvoorde","0.0","0.0","Princesse Elisabeth","3169"
"58","Vilvoorde","0.0","0.0","Schaerbeek Gare","3170"
"58","Vilvoorde","50.879820","4.384156","Zenobe Gramme","3171"
"58","Vilvoorde","0.0","0.0","Pont Albert","5958"
"58","Vilvoorde","50.885437","4.390410","Monnoyer","5965"
"58","Vilvoorde","50.888744","4.396438","Chemin de Fer","5959"
"58","Vilvoorde","0.0","0.0","Moulin Marly","5960"
"58","Vilvoorde","50.901505","4.408885","Rive Droite","5967"
"58","Vilvoorde","50.903499","4.412256","Aquiris","5968"
"58","Vilvoorde","50.907073","4.414178","Diegemstraat","9776"
"58","Vilvoorde","50.912115","4.418529","Bicoque","9777"
"58","Vilvoorde","50.915595","4.421979","Drie Fonteinen","9778"
"58","Vilvoorde","0.0","0.0","Blokken","9779"
"58","Vilvoorde","0.0","0.0","Heldenplein","9780"
"59","Bordet Station","50.825056","4.380146","Hopital Etterbeek-Ixelles","3125"
"59","Bordet Station","50.827948","4.376480","Levure","3152"
"59","Bordet Station","0.0","0.0","Flagey","3154"
"59","Bordet Station","50.829386","4.376211","Wery","3155"
"59","Bordet Station","50.833087","4.378271","Natation","3156"
"59","Bordet Station","0.0","0.0","Senghor","3918"
"59","Bordet Station","50.839700","4.380593","Parc Leopold","3159"
"59","Bordet Station","0.0","0.0","Maelbeek","2969"
"59","Bordet Station","0.0","0.0","Livingstone","2970"
"59","Bordet Station","0.0","0.0","Gutenberg","3161"
"59","Bordet Station","50.850263","4.374759","Saint-Josse","1582"
"59","Bordet Station","50.853203","4.373496","Houwaert","3162"
"59","Bordet Station","50.856933","4.375584","Geefs","3163"
"59","Bordet Station","50.859855","4.377757","Coteaux","3164"
"59","Bordet Station","50.863361","4.377360","Herman","3165"
"59","Bordet Station","0.0","0.0","Ernest Laude","3166"
"59","Bordet Station","50.868215","4.377077","Eenens","3167"
"59","Bordet Station","50.870876","4.376126","Verboekhoven","3168"
"59","Bordet Station","0.0","0.0","Princesse Elisabeth","3169"
"59","Bordet Station","0.0","0.0","Schaerbeek Gare","3170"
"59","Bordet Station","50.879820","4.384156","Zenobe Gramme","3171"
"59","Bordet Station","50.878246","4.389711","Chaumontel","3172"
"59","Bordet Station","50.879288","4.393676","Carli","3173"
"59","Bordet Station","50.879565","4.397072","Picardie","3174"
"59","Bordet Station","0.0","0.0","Saint-Vincent","3175"
"59","Bordet Station","50.882205","4.407163","Vandenhoven","3176"
"59","Bordet Station","0.0","0.0","Bordet Station","3178"
"59","Bordet Station","0.0","0.0","Haren-Atelier","3179"
"59","Etterbeek-Elsene","0.0","0.0","Haren-STIB","3130"
"59","Etterbeek-Elsene","0.0","0.0","Haren-Atelier","3129"
"59","Etterbeek-Elsene","0.0","0.0","Haren-Ecolage","3128"
"59","Etterbeek-Elsene","0.0","0.0","Bordet Station","3127"
"59","Etterbeek-Elsene","0.0","0.0","Vandenhoven","3126"
"59","Etterbeek-Elsene","50.880625","4.401861","Saint-Vincent","3101"
"59","Etterbeek-Elsene","50.879537","4.396015","Picardie","3102"
"59","Etterbeek-Elsene","50.879360","4.393349","Carli","3103"
"59","Etterbeek-Elsene","50.878452","4.389995","Chaumontel","3104"
"59","Etterbeek-Elsene","50.879766","4.383871","Zenobe Gramme","3105"
"59","Etterbeek-Elsene","50.877429","4.379182","Schaerbeek Gare","3106"
"59","Etterbeek-Elsene","0.0","0.0","Princesse Elisabeth","5302"
"59","Etterbeek-Elsene","0.0","0.0","Verboekhoven","5710"
"59","Etterbeek-Elsene","50.867837","4.377148","Eenens","3109"
"59","Etterbeek-Elsene","0.0","0.0","Ernest Laude","3110"
"59","Etterbeek-Elsene","50.863073","4.377446","Herman","3111"
"59","Etterbeek-Elsene","50.859172","4.377161","Coteaux","3112"
"59","Etterbeek-Elsene","50.857194","4.375683","Geefs","3113"
"59","Etterbeek-Elsene","50.853828","4.373548","Bossuet","3114"
"59","Etterbeek-Elsene","50.851243","4.376463","Braemt","3118"
"59","Etterbeek-Elsene","50.849049","4.377769","Gutenberg","3100"
"59","Etterbeek-Elsene","0.0","0.0","Livingstone","2922"
"59","Etterbeek-Elsene","0.0","0.0","Maelbeek","2923"
"59","Etterbeek-Elsene","50.839547","4.380607","Parc Leopold","3117"
"59","Etterbeek-Elsene","0.0","0.0","Senghor","3917"
"59","Etterbeek-Elsene","50.833173","4.378264","Natation","3120"
"59","Etterbeek-Elsene","0.0","0.0","Wery","3121"
"59","Etterbeek-Elsene","50.828040","4.371704","Flagey","3122"
"59","Etterbeek-Elsene","0.0","0.0","Levure","3124"
"60","Uccle Calevoet","50.847682","4.383747","Ambiorix","2920"
"60","Uccle Calevoet","0.0","0.0","Palmerston","2921"
"60","Uccle Calevoet","50.846234","4.383470","Ambiorix","1273"
"60","Uccle Calevoet","0.0","0.0","Schuman","1270"
"60","Uccle Calevoet","0.0","0.0","Froissart","1271"
"60","Uccle Calevoet","0.0","0.0","Jourdan","1272"
"60","Uccle Calevoet","0.0","0.0","Senghor","3917"
"60","Uccle Calevoet","50.833173","4.378264","Natation","3120"
"60","Uccle Calevoet","0.0","0.0","Wery","3121"
"60","Uccle Calevoet","50.828040","4.371704","Flagey","3122"
"60","Uccle Calevoet","50.825678","4.369486","Biarritz","1903"
"60","Uccle Calevoet","50.823557","4.367669","Vleurgat","1912"
"60","Uccle Calevoet","50.821867","4.363587","Washington","4705"
"60","Uccle Calevoet","0.0","0.0","Tenbosch","6407"
"60","Uccle Calevoet","0.0","0.0","Georges Brugmann","2121"
"60","Uccle Calevoet","0.0","0.0","Clinique Edith Cavell","2128"
"60","Uccle Calevoet","50.811716","4.357429","Cavell","2123"
"60","Uccle Calevoet","50.819959","4.359159","Churchill","6408"
"60","Uccle Calevoet","50.808012","4.357118","Brunard","2124"
"60","Uccle Calevoet","50.806502","4.357331","Langeveld","2125"
"60","Uccle Calevoet","0.0","0.0","Houzeau","2126"
"60","Uccle Calevoet","50.817775","4.378742","Observatoire","1979"
"60","Uccle Calevoet","50.796415","4.356709","Mercure","4853"
"60","Uccle Calevoet","0.0","0.0","Station Saint-Job","6931"
"60","Uccle Calevoet","50.825276","4.339113","Place Saint-Job","1735"
"60","Uccle Calevoet","50.792251","4.359013","De Wansijn","1736"
"60","Uccle Calevoet","50.791920","4.351576","Drossart","1737"
"60","Uccle Calevoet","50.792764","4.347278","Chenaie","2769"
"60","Uccle Calevoet","50.791613","4.342868","Hellevelt","2770"
"60","Uccle Calevoet","50.789913","4.338799","Groelstveld","2771"
"60","Uccle Calevoet","0.0","0.0","Engeland","1961"
"60","Uccle Calevoet","50.791242","4.332898","Uccle Calevoet","1962"
"60","Ambiorix","50.790914","4.332986","Uccle Calevoet","2701"
"60","Ambiorix","50.789477","4.333814","Engeland","1929"
"60","Ambiorix","50.789861","4.338660","Groelstveld","2702"
"60","Ambiorix","0.0","0.0","Papenkasteel","2703"
"60","Ambiorix","50.792062","4.344201","Hellevelt","2704"
"60","Ambiorix","50.792360","4.348895","Chenaie","2705"
"60","Ambiorix","50.791920","4.351675","Drossart","1738"
"60","Ambiorix","50.792486","4.359972","De Wansijn","1739"
"60","Ambiorix","50.824145","4.325624","Place Saint-Job","1740"
"60","Ambiorix","0.0","0.0","Station Saint-Job","6956"
"60","Ambiorix","0.0","0.0","Mercure","4804"
"60","Ambiorix","0.0","0.0","Observatoire","1999"
"60","Ambiorix","0.0","0.0","Houzeau","2130"
"60","Ambiorix","50.806358","4.357586","Langeveld","2131"
"60","Ambiorix","50.807958","4.357175","Brunard","2132"
"60","Ambiorix","50.811185","4.357628","Cavell","2133"
"60","Ambiorix","0.0","0.0","Churchill","2000"
"60","Ambiorix","0.0","0.0","Clinique Edith Cavell","2129"
"60","Ambiorix","0.0","0.0","Georges Brugmann","2135"
"60","Ambiorix","0.0","0.0","Tenbosch","6452"
"60","Ambiorix","50.821838","4.362820","Washington","6453"
"60","Ambiorix","50.821452","4.366581","Van eyck","1976"
"60","Ambiorix","50.823501","4.367848","Vleurgat","1977"
"60","Ambiorix","50.825853","4.369757","Biarritz","1986"
"60","Ambiorix","50.828273","4.372017","Flagey","6112"
"60","Ambiorix","0.0","0.0","Flagey","3154"
"60","Ambiorix","50.829386","4.376211","Wery","3155"
"60","Ambiorix","50.833087","4.378271","Natation","3156"
"60","Ambiorix","50.836107","4.380853","Etangs","3160"
"60","Ambiorix","0.0","0.0","Jourdan","3158"
"60","Ambiorix","0.0","0.0","Froissart","1416"
"60","Ambiorix","0.0","0.0","Schuman","1418"
"60","Ambiorix","50.846244","4.384315","Ambiorix","1425"
"61","Gare du Nord","0.0","0.0","Montgomery","9020"
"61","Gare du Nord","0.0","0.0","Montgomery","1155"
"61","Gare du Nord","50.839607","4.398226","Merode","1156"
"61","Gare du Nord","50.842763","4.395899","Chevalerie","6053"
"61","Gare du Nord","0.0","0.0","Wappers","6054"
"61","Gare du Nord","50.847060","4.393260","De Jamblinne de Meux","6055"
"61","Gare du Nord","50.849111","4.389839","Chasseurs Ardennais","6056"
"61","Gare du Nord","0.0","0.0","Brabanconne","2973"
"61","Gare du Nord","50.853165","4.386831","Dailly","9296"
"61","Gare du Nord","50.853903","4.383962","Clays","6058"
"61","Gare du Nord","50.853517","4.380696","Fuss","6059"
"61","Gare du Nord","50.852933","4.377799","Steurs","6060"
"61","Gare du Nord","50.853870","4.373165","Bossuet","6061"
"61","Gare du Nord","50.854551","4.368894","Rue Traversiere","6062"
"61","Gare du Nord","50.852798","4.368894","Quetelet","3313"
"61","Gare du Nord","0.0","0.0","Botanique","9021"
"61","Gare du Nord","0.0","0.0","Rogier","1988"
"61","Montgomery","50.860080","4.360273","Gare du Nord","1900"
"61","Montgomery","0.0","0.0","Rogier","1902"
"61","Montgomery","0.0","0.0","Botanique","9022"
"61","Montgomery","0.0","0.0","Rue Traversiere","9023"
"61","Montgomery","0.0","0.0","Limite","6016"
"61","Montgomery","50.852987","4.373581","Houwaert","6017"
"61","Montgomery","50.852825","4.378168","Steurs","6018"
"61","Montgomery","50.853948","4.380753","Fuss","6019"
"61","Montgomery","50.853914","4.383279","Clays","6020"
"61","Montgomery","50.852818","4.387149","Dailly","9291"
"61","Montgomery","50.851647","4.387125","Brabanconne","2919"
"61","Montgomery","50.849259","4.389462","Chasseurs Ardennais","6021"
"61","Montgomery","50.846809","4.393402","De Jamblinne de Meux","6023"
"61","Montgomery","0.0","0.0","Wappers","6022"
"61","Montgomery","50.842637","4.395658","Chevalerie","6024"
"61","Montgomery","50.839216","4.398528","Merode","1136"
"61","Montgomery","50.837483","4.406117","Montgomery","9996"
"61","Montgomery","0.0","0.0","Montgomery","1137"
"63","Cimetiere de Bruxelles","0.0","0.0","De Brouckere","1501"
"63","Cimetiere de Bruxelles","50.872992","4.376771","Anspach-De Brouckere","1576"
"63","Cimetiere de Bruxelles","0.0","0.0","Assaut","1575"
"63","Cimetiere de Bruxelles","0.0","0.0","Gare Centrale","3352"
"63","Cimetiere de Bruxelles","0.0","0.0","Parc","3351"
"63","Cimetiere de Bruxelles","0.0","0.0","Treurenberg","3353"
"63","Cimetiere de Bruxelles","50.848691","4.367960","Presse","3354"
"63","Cimetiere de Bruxelles","50.849102","4.369937","Madou","1508"
"63","Cimetiere de Bruxelles","50.849751","4.374333","Saint-Josse","1509"
"63","Cimetiere de Bruxelles","50.849039","4.377279","Gutenberg","1510"
"63","Cimetiere de Bruxelles","0.0","0.0","Palmerston","2921"
"63","Cimetiere de Bruxelles","50.846234","4.383470","Ambiorix","1273"
"63","Cimetiere de Bruxelles","0.0","0.0","Michel-Ange","1402"
"63","Cimetiere de Bruxelles","50.847115","4.391358","Gueux","1419"
"63","Cimetiere de Bruxelles","50.847236","4.393729","De Jamblinne de Meux","1403"
"63","Cimetiere de Bruxelles","0.0","0.0","Plasky","3251"
"63","Cimetiere de Bruxelles","0.0","0.0","Max-Plasky","3266"
"63","Cimetiere de Bruxelles","0.0","0.0","Meiser","3268"
"63","Cimetiere de Bruxelles","50.857620","4.398496","Leopold III","3761"
"63","Cimetiere de Bruxelles","50.859086","4.401334","Frans Courtens","3762"
"63","Cimetiere de Bruxelles","50.860595","4.405199","Paul Leduc","3763"
"63","Cimetiere de Bruxelles","50.861978","4.409319","Optimisme","3766"
"63","Cimetiere de Bruxelles","50.863775","4.413980","Arbre Unique","3765"
"63","Cimetiere de Bruxelles","50.864218","4.418716","Cimetiere de Bruxelles","3274"
"63","Cimetiere de Bruxelles","50.865371","4.422078","Diablotins","3285"
"63","De Brouckere","50.864254","4.418196","Cimetiere de Bruxelles","3401"
"63","De Brouckere","50.863667","4.413198","Arbre Unique","3702"
"63","De Brouckere","50.862106","4.409167","Optimisme","3240"
"63","De Brouckere","50.860542","4.404673","Paul Leduc","3704"
"63","De Brouckere","50.859167","4.401150","Frans Courtens","3705"
"63","De Brouckere","50.856759","4.397583","Leopold III","5308"
"63","De Brouckere","0.0","0.0","Meiser","3215"
"63","De Brouckere","50.851141","4.395961","Plasky","3216"
"63","De Brouckere","50.848238","4.395036","De Jamblinne de Meux","3707"
"63","De Brouckere","50.847320","4.391116","Gueux","3217"
"63","De Brouckere","50.847096","4.387396","Marguerite","3218"
"63","De Brouckere","50.847682","4.383747","Ambiorix","2920"
"63","De Brouckere","50.847808","4.381205","Waterloo-Wilson","3219"
"63","De Brouckere","0.0","0.0","Gutenberg","1569"
"63","De Brouckere","50.849814","4.374063","Saint-Josse","1570"
"63","De Brouckere","50.849743","4.369584","Madou","1571"
"63","De Brouckere","50.816457","4.289624","Congres","1572"
"63","De Brouckere","0.0","0.0","Parc","3331"
"63","De Brouckere","0.0","0.0","Gare Centrale","3330"
"63","De Brouckere","0.0","0.0","Arenberg","1502"
"64","Porte de Namur","0.0","0.0","Machelen","9704"
"64","Porte de Namur","0.0","0.0","Pellenberg","9706"
"64","Porte de Namur","0.0","0.0","Kerk Machelen","9705"
"64","Porte de Namur","50.908114","4.431682","Raedemaekers","9702"
"64","Porte de Namur","50.902928","4.427401","Kasteel Beaulieu","9703"
"64","Porte de Namur","50.901122","4.422301","Witloof","2899"
"64","Porte de Namur","50.896412","4.421346","Twyeninck","2905"
"64","Porte de Namur","50.892834","4.421413","Omnisports Haren","2895"
"64","Porte de Namur","0.0","0.0","Cortenbach","2906"
"64","Porte de Namur","0.0","0.0","Haren-Sud Gare","2907"
"64","Porte de Namur","0.0","0.0","Biplan","2908"
"64","Porte de Namur","0.0","0.0","Vandenhoven","3126"
"64","Porte de Namur","50.880816","4.403821","Saint-Vincent","2909"
"64","Porte de Namur","50.878826","4.403693","Fonson","2903"
"64","Porte de Namur","50.877097","4.401905","Paix","2910"
"64","Porte de Namur","50.874152","4.403007","Oud-Kapelleke","2924"
"64","Porte de Namur","50.871438","4.399979","Notre-Dame","2912"
"64","Porte de Namur","50.869407","4.399921","Conscience","2996"
"64","Porte de Namur","50.864482","4.394293","Bichon","2926"
"64","Porte de Namur","50.861481","4.392464","Josaphat","2915"
"64","Porte de Namur","0.0","0.0","Chazal","2916"
"64","Porte de Namur","0.0","0.0","Patrie","2917"
"64","Porte de Namur","50.853309","4.388208","Dailly","2918"
"64","Porte de Namur","50.851647","4.387125","Brabanconne","2919"
"64","Porte de Namur","50.847682","4.383747","Ambiorix","2920"
"64","Porte de Namur","0.0","0.0","Palmerston","2921"
"64","Porte de Namur","0.0","0.0","Livingstone","2922"
"64","Porte de Namur","0.0","0.0","Maelbeek","2923"
"64","Porte de Namur","0.0","0.0","Toulouse","1497"
"64","Porte de Namur","50.841975","4.374715","Treves","1160"
"64","Porte de Namur","0.0","0.0","Luxembourg","1162"
"64","Porte de Namur","50.839925","4.369258","Science","1776"
"64","Porte de Namur","0.0","0.0","Trone","1163"
"64","Porte de Namur","0.0","0.0","Porte de Namur","3504"
"64","Machelen","50.838883","4.363086","Porte de Namur","4952"
"64","Machelen","0.0","0.0","Trone","1130"
"64","Machelen","50.839842","4.369371","Science","1729"
"64","Machelen","0.0","0.0","Luxembourg","1131"
"64","Machelen","50.841004","4.374318","Treves","1132"
"64","Machelen","50.841059","4.378272","Parc Leopold","2927"
"64","Machelen","0.0","0.0","Maelbeek","2969"
"64","Machelen","0.0","0.0","Livingstone","2970"
"64","Machelen","50.846234","4.383470","Ambiorix","1273"
"64","Machelen","0.0","0.0","NBN","3000"
"64","Machelen","0.0","0.0","Brabanconne","2973"
"64","Machelen","50.853714","4.388478","Dailly","2974"
"64","Machelen","0.0","0.0","Patrie","2975"
"64","Machelen","0.0","0.0","Chazal","2976"
"64","Machelen","50.862073","4.392530","Josaphat","2977"
"64","Machelen","50.864311","4.394179","Bichon","2990"
"64","Machelen","50.867672","4.398627","Conscience","2997"
"64","Machelen","50.870872","4.400107","Notre-Dame","2980"
"64","Machelen","50.874395","4.403505","Oud-Kapelleke","2995"
"64","Machelen","0.0","0.0","Paix","2982"
"64","Machelen","50.879033","4.403878","Fonson","2900"
"64","Machelen","50.880880","4.403855","Saint-Vincent","2992"
"64","Machelen","0.0","0.0","Vandenhoven","2999"
"64","Machelen","0.0","0.0","Biplan","2984"
"64","Machelen","0.0","0.0","Haren-Sud Gare","2989"
"64","Machelen","0.0","0.0","Cortenbach","2985"
"64","Machelen","0.0","0.0","Twyeninck","2986"
"64","Machelen","50.901190","4.422883","Witloof","2991"
"64","Machelen","50.902827","4.427601","Kasteel Beaulieu","9725"
"64","Machelen","50.907328","4.432775","Raedemaekers","9726"
"64","Machelen","50.910196","4.439199","Parkstraat","9727"
"64","Machelen","50.911397","4.439720","Koningin Fabiola","9728"
"64","Machelen","50.912789","4.435476","Kerk Machelen","9701"
"64","Machelen","50.914276","4.435643","Pellenberg","9729"
"65","Gare Centrale","0.0","0.0","Bourget","3328"
"65","Gare Centrale","0.0","0.0","Nato","3301"
"65","Gare Centrale","0.0","0.0","Nato","3302"
"65","Gare Centrale","0.0","0.0","Bale","3319"
"65","Gare Centrale","0.0","0.0","Germinal","3303"
"65","Gare Centrale","50.874490","4.408610","Matisse","3304"
"65","Gare Centrale","50.871628","4.405932","Lekaerts","3305"
"65","Gare Centrale","50.871958","4.403830","Hoedemaekers","3306"
"65","Gare Centrale","50.871240","4.400462","Notre-Dame","3307"
"65","Gare Centrale","50.869407","4.399921","Conscience","2996"
"65","Gare Centrale","50.864482","4.394293","Bichon","2926"
"65","Gare Centrale","50.861481","4.392464","Josaphat","2915"
"65","Gare Centrale","0.0","0.0","Chazal","2916"
"65","Gare Centrale","0.0","0.0","Patrie","2917"
"65","Gare Centrale","50.858323","4.384610","Bienfaiteurs","3299"
"65","Gare Centrale","0.0","0.0","Coteaux","3309"
"65","Gare Centrale","0.0","0.0","Robiano","6305"
"65","Gare Centrale","50.877382","4.419548","Hopital Saint-Etienne","3317"
"65","Gare Centrale","50.854551","4.368894","Rue Traversiere","6062"
"65","Gare Centrale","50.852798","4.368894","Quetelet","3313"
"65","Gare Centrale","50.849887","4.369025","Madou","3332"
"65","Gare Centrale","50.847976","4.367781","Presse","3358"
"65","Gare Centrale","0.0","0.0","Treurenberg","3359"
"65","Gare Centrale","0.0","0.0","Parc","3331"
"65","Gare Centrale","0.0","0.0","Gare Centrale","3330"
"65","Bourget","0.0","0.0","Gare Centrale","3349"
"65","Bourget","0.0","0.0","Gare Centrale","3350"
"65","Bourget","0.0","0.0","Parc","3351"
"65","Bourget","0.0","0.0","Treurenberg","3353"
"65","Bourget","50.848691","4.367960","Presse","3354"
"65","Bourget","50.850084","4.369193","Madou","3355"
"65","Bourget","50.852550","4.369293","Quetelet","9060"
"65","Bourget","50.855234","4.368981","Rue Traversiere","9064"
"65","Bourget","0.0","0.0","Hopital Saint-Etienne","9063"
"65","Bourget","0.0","0.0","Robiano","6362"
"65","Bourget","0.0","0.0","Coteaux","6203"
"65","Bourget","50.857731","4.383811","Bienfaiteurs","6210"
"65","Bourget","0.0","0.0","Patrie","2975"
"65","Bourget","0.0","0.0","Chazal","2976"
"65","Bourget","50.862073","4.392530","Josaphat","2977"
"65","Bourget","50.864311","4.394179","Bichon","2990"
"65","Bourget","50.867672","4.398627","Conscience","2997"
"65","Bourget","50.870872","4.400107","Notre-Dame","2980"
"65","Bourget","50.871770","4.403872","Hoedemaekers","3361"
"65","Bourget","50.872550","4.407565","Lekaerts","3362"
"65","Bourget","0.0","0.0","Germinal","3363"
"65","Bourget","0.0","0.0","Bale","3364"
"65","Bourget","0.0","0.0","Nato","3301"
"66","De Brouckere","0.0","0.0","Peage","3283"
"66","De Brouckere","0.0","0.0","Cimetiere de Bruxelles","3398"
"66","De Brouckere","0.0","0.0","Artemis","3210"
"66","De Brouckere","50.859649","4.414209","Paduwa","1535"
"66","De Brouckere","50.861276","4.412642","Guillaume","3402"
"66","De Brouckere","50.865035","4.408995","Dunant","3403"
"66","De Brouckere","50.867166","4.405886","Evere Shopping","3417"
"66","De Brouckere","0.0","0.0","Station Evere","3418"
"66","De Brouckere","50.868643","4.399693","Conscience","3419"
"66","De Brouckere","50.868904","4.396128","Kurth","3411"
"66","De Brouckere","0.0","0.0","Kennis","3407"
"66","De Brouckere","50.867072","4.387035","Latinis","3408"
"66","De Brouckere","50.866159","4.386086","Louis Bertrand","3409"
"66","De Brouckere","50.865203","4.382190","Crossing","3410"
"66","De Brouckere","50.862497","4.380542","Azalees","3414"
"66","De Brouckere","0.0","0.0","Coteaux","3309"
"66","De Brouckere","0.0","0.0","Robiano","6305"
"66","De Brouckere","50.877382","4.419548","Hopital Saint-Etienne","3317"
"66","De Brouckere","50.854551","4.368894","Rue Traversiere","6062"
"66","De Brouckere","50.852798","4.368894","Quetelet","3313"
"66","De Brouckere","50.849887","4.369025","Madou","3332"
"66","De Brouckere","50.847976","4.367781","Presse","3358"
"66","De Brouckere","0.0","0.0","Treurenberg","3359"
"66","De Brouckere","0.0","0.0","Parc","3331"
"66","De Brouckere","0.0","0.0","Gare Centrale","3330"
"66","De Brouckere","0.0","0.0","Arenberg","1502"
"66","De Brouckere","0.0","0.0","De Brouckere","3318"
"66","Peage","0.0","0.0","De Brouckere","3318"
"66","Peage","50.872992","4.376771","Anspach-De Brouckere","1576"
"66","Peage","0.0","0.0","Assaut","1575"
"66","Peage","0.0","0.0","Gare Centrale","3350"
"66","Peage","0.0","0.0","Parc","3351"
"66","Peage","0.0","0.0","Treurenberg","3353"
"66","Peage","50.848691","4.367960","Presse","3354"
"66","Peage","50.850084","4.369193","Madou","3355"
"66","Peage","50.852550","4.369293","Quetelet","9060"
"66","Peage","50.855234","4.368981","Rue Traversiere","9064"
"66","Peage","0.0","0.0","Hopital Saint-Etienne","9063"
"66","Peage","0.0","0.0","Robiano","6362"
"66","Peage","0.0","0.0","Coteaux","6203"
"66","Peage","50.862596","4.380940","Azalees","3451"
"66","Peage","0.0","0.0","Crossing","3452"
"66","Peage","0.0","0.0","Louis Bertrand","3453"
"66","Peage","0.0","0.0","Kennis","3454"
"66","Peage","50.868823","4.395744","Kurth","3449"
"66","Peage","50.868086","4.398201","Conscience","3470"
"66","Peage","0.0","0.0","Station Evere","3448"
"66","Peage","50.866770","4.404753","Evere Shopping","3450"
"66","Peage","50.863443","4.410272","Dunant","3459"
"66","Peage","50.861101","4.412554","Guillaume","3460"
"66","Peage","50.859714","4.414957","Paduwa","3272"
"66","Peage","50.861570","4.415903","Artemis","3273"
"66","Peage","0.0","0.0","Cimetiere de Bruxelles","3397"
"66","Peage","0.0","0.0","Peage","3283"
"69","Jules Bordet","0.0","0.0","Schaerbeek Gare","3108"
"69","Jules Bordet","0.0","0.0","Schaerbeek Gare","3170"
"69","Jules Bordet","50.879820","4.384156","Zenobe Gramme","3171"
"69","Jules Bordet","50.878246","4.389711","Chaumontel","3172"
"69","Jules Bordet","50.879288","4.393676","Carli","3173"
"69","Jules Bordet","50.879565","4.397072","Picardie","3174"
"69","Jules Bordet","0.0","0.0","Saint-Vincent","3175"
"69","Jules Bordet","50.882205","4.407163","Vandenhoven","3176"
"69","Jules Bordet","0.0","0.0","Bordet Station","3205"
"69","Jules Bordet","0.0","0.0","Germinal","3206"
"69","Jules Bordet","50.870901","4.418774","Jules Bordet","9311"
"69","Schaerbeek Gare","50.870901","4.418774","Jules Bordet","9311"
"69","Schaerbeek Gare","0.0","0.0","Germinal","3277"
"69","Schaerbeek Gare","0.0","0.0","Bordet Station","3278"
"69","Schaerbeek Gare","0.0","0.0","Vandenhoven","3126"
"69","Schaerbeek Gare","50.880625","4.401861","Saint-Vincent","3101"
"69","Schaerbeek Gare","50.879537","4.396015","Picardie","3102"
"69","Schaerbeek Gare","50.879360","4.393349","Carli","3103"
"69","Schaerbeek Gare","50.878452","4.389995","Chaumontel","3104"
"69","Schaerbeek Gare","50.879766","4.383871","Zenobe Gramme","3105"
"71","Delta","0.0","0.0","De Brouckere","3501"
"71","Delta","50.872992","4.376771","Anspach-De Brouckere","1576"
"71","Delta","0.0","0.0","Assaut","1575"
"71","Delta","0.0","0.0","Gare Centrale","1504"
"71","Delta","50.844123","4.359055","Bozar","3502"
"71","Delta","50.842487","4.358970","Royale","3503"
"71","Delta","0.0","0.0","Ducale","1704"
"71","Delta","0.0","0.0","Porte de Namur","3504"
"71","Delta","0.0","0.0","Matonge","3518"
"71","Delta","50.835086","4.363978","Quartier St-Boniface","3506"
"71","Delta","50.833057","4.366481","Fernand Cocq","2928"
"71","Delta","0.0","0.0","Van Volsem","3531"
"71","Delta","50.828071","4.371200","Flagey","3519"
"71","Delta","50.824140","4.373435","Etangs d'Ixelles","3517"
"71","Delta","0.0","0.0","Geo Bernier","3510"
"71","Delta","0.0","0.0","Buyl","3511"
"71","Delta","0.0","0.0","Jeanne","3512"
"71","Delta","50.813926","4.384942","ULB","3513"
"71","Delta","50.815966","4.390704","Cimetiere d'Ixelles","3514"
"71","Delta","50.817711","4.396025","Fraiteur","3515"
"71","Delta","0.0","0.0","Triomphe","3516"
"71","Delta","50.816744","4.405058","Delta","3520"
"71","De Brouckere","50.815977","4.407516","Beaulieu","3521"
"71","De Brouckere","50.818237","4.404285","Delta","3556"
"71","De Brouckere","50.817890","4.396128","Fraiteur","3557"
"71","De Brouckere","50.816011","4.390576","Cimetiere d'Ixelles","3558"
"71","De Brouckere","50.813899","4.384459","ULB","3559"
"71","De Brouckere","0.0","0.0","Jeanne","3560"
"71","De Brouckere","0.0","0.0","Buyl","3561"
"71","De Brouckere","0.0","0.0","Geo Bernier","3562"
"71","De Brouckere","50.823690","4.373961","Etangs d'Ixelles","3570"
"71","De Brouckere","50.828203","4.371163","Flagey","3573"
"71","De Brouckere","0.0","0.0","Van Volsem","3571"
"71","De Brouckere","50.833219","4.366552","Fernand Cocq","2963"
"71","De Brouckere","0.0","0.0","Quartier St-Boniface","2964"
"71","De Brouckere","0.0","0.0","Matonge","2967"
"71","De Brouckere","50.838883","4.363086","Porte de Namur","4952"
"71","De Brouckere","0.0","0.0","Ducale","1990"
"71","De Brouckere","0.0","0.0","Ducale","1164"
"71","De Brouckere","50.842748","4.358813","Royale","3567"
"71","De Brouckere","0.0","0.0","Bozar","3568"
"71","De Brouckere","0.0","0.0","Gare Centrale","3324"
"71","De Brouckere","0.0","0.0","Gare Centrale","3322"
"71","De Brouckere","0.0","0.0","Arenberg","1502"
"72","ADEPS","0.0","0.0","Deveze-ULB","3523"
"72","ADEPS","50.813926","4.384942","ULB","3513"
"72","ADEPS","50.815966","4.390704","Cimetiere d'Ixelles","3514"
"72","ADEPS","50.817711","4.396025","Fraiteur","3515"
"72","ADEPS","0.0","0.0","Triomphe","3516"
"72","ADEPS","50.818353","4.405847","Delta","3546"
"72","ADEPS","50.817864","4.411684","Clesse","3551"
"72","ADEPS","50.816111","4.416345","Roodenberg","3550"
"72","ADEPS","50.813655","4.419876","Vignette","3549"
"72","ADEPS","0.0","0.0","Demey","3548"
"72","ADEPS","50.812357","4.429112","Herrmann-Debroux","2046"
"72","ADEPS","50.813158","4.433902","Jardin Massart","3526"
"72","ADEPS","50.811446","4.439690","Rouge-Cloitre","3529"
"72","Deveze-ULB","50.809849","4.443453","ADEPS","3522"
"72","Deveze-ULB","50.812363","4.438627","Rouge-Cloitre","3530"
"72","Deveze-ULB","50.813398","4.433279","Jardin Massart","3524"
"72","Deveze-ULB","50.812487","4.428388","Herrmann-Debroux","1754"
"72","Deveze-ULB","0.0","0.0","Demey","2724"
"72","Deveze-ULB","50.814222","4.419678","Vignette","4407"
"72","Deveze-ULB","50.816381","4.415721","Roodenberg","3552"
"72","Deveze-ULB","50.817227","4.413423","Clesse","3553"
"72","Deveze-ULB","0.0","0.0","Invalides","3547"
"72","Deveze-ULB","50.818237","4.404285","Delta","3556"
"72","Deveze-ULB","50.817890","4.396128","Fraiteur","3557"
"72","Deveze-ULB","50.816011","4.390576","Cimetiere d'Ixelles","3558"
"72","Deveze-ULB","50.813899","4.384459","ULB","3559"
"75","Bon Air","0.0","0.0","CERIA","1477"
"75","Bon Air","50.815856","4.295020","Campus CERIA","1478"
"75","Bon Air","50.818644","4.298266","Colombophiles","1479"
"75","Bon Air","50.820497","4.299327","Huit Heures","1498"
"75","Bon Air","50.823075","4.296755","Waxweiler","1480"
"75","Bon Air","50.920629","4.405630","Bizet","1481"
"75","Bon Air","50.828962","4.293893","Van Beethoven","1495"
"75","Bon Air","50.833458","4.295192","Hopital Joseph Bracops","2319"
"75","Bon Air","50.836154","4.295301","Rene Henry","1482"
"75","Bon Air","50.837572","4.289977","Fruits","1260"
"75","Bon Air","50.837828","4.283771","Westland Shopping","1483"
"75","Bon Air","50.835155","4.280397","Pommier","1484"
"75","Bon Air","0.0","0.0","Sainte-Bernadette","1496"
"75","Bon Air","50.921057","4.409300","Bon Air","1485"
"75","CERIA","0.0","0.0","Bon Air","1486"
"75","CERIA","50.923006","4.415323","Sainte-Bernadette","1470"
"75","CERIA","50.834966","4.280497","Pommier","1487"
"75","CERIA","50.837674","4.284250","Westland Shopping","1488"
"75","CERIA","50.837374","4.290288","Fruits","1204"
"75","CERIA","50.836343","4.295116","Rene Henry","1489"
"75","CERIA","50.833718","4.295433","Hopital Joseph Bracops","2375"
"75","CERIA","50.828854","4.293893","Van Beethoven","1490"
"75","CERIA","50.839511","4.494793","Bizet","1491"
"75","CERIA","50.823022","4.297351","Waxweiler","1492"
"75","CERIA","50.818515","4.294711","Wauters","1493"
"75","CERIA","50.839821","4.494327","Campus CERIA","1494"
"76","Oppem","0.0","0.0","Crainhem","1638"
"76","Oppem","50.848082","4.467057","Reine Astrid","1601"
"76","Oppem","0.0","0.0","Wezembeek-Shopping","1613"
"76","Oppem","0.0","0.0","Ring 0","1614"
"76","Oppem","50.850406","4.486940","Gergel","1615"
"76","Oppem","50.846945","4.483422","Louis Marcelis","1605"
"76","Oppem","50.843555","4.487245","Plaine des Sports","1617"
"76","Oppem","50.840730","4.484638","Violettes","1602"
"76","Oppem","0.0","0.0","Hernalsteen","1620"
"76","Oppem","0.0","0.0","Stijn Streuvels","1627"
"76","Oppem","50.836770","4.498038","Marmotte","9164"
"76","Crainhem","50.835745","4.495689","Oppem","1629"
"76","Crainhem","0.0","0.0","Stijn Streuvels","1631"
"76","Crainhem","0.0","0.0","Hernalsteen","1656"
"76","Crainhem","50.840347","4.484773","Violettes","1668"
"76","Crainhem","50.843201","4.487593","Plaine des Sports","1657"
"76","Crainhem","50.847023","4.483433","Louis Marcelis","1669"
"76","Crainhem","50.850898","4.486474","Gergel","1659"
"76","Crainhem","0.0","0.0","Ring 0","1660"
"76","Crainhem","0.0","0.0","Wezembeek-Shopping","1661"
"76","Crainhem","50.848287","4.466527","Reine Astrid","1673"
"77","Hippodrome","0.0","0.0","Crainhem","1638"
"77","Hippodrome","50.848082","4.467057","Reine Astrid","1601"
"77","Hippodrome","0.0","0.0","Wezembeek-Shopping","1613"
"77","Hippodrome","50.852094","4.481924","Voisins","1616"
"77","Hippodrome","50.852723","4.482954","Eglise Wezembeek","1625"
"77","Hippodrome","50.851218","4.487768","Gergel","1375"
"77","Hippodrome","50.852427","4.491947","Deutsche Schule","1377"
"77","Hippodrome","50.853332","4.496851","Long Chene","1380"
"77","Hippodrome","50.853235","4.501137","Vier Huiskens","9169"
"77","Crainhem","50.849530","4.505415","Hippodrome","7501"
"77","Crainhem","50.853434","4.500712","Vier Huiskens","9561"
"77","Crainhem","50.853365","4.496515","Long Chene","1381"
"77","Crainhem","50.852518","4.490754","Deutsche Schule","1387"
"77","Crainhem","50.853658","4.482068","Eglise Wezembeek","1635"
"77","Crainhem","50.794282","4.362375","Marie-therese","1634"
"77","Crainhem","0.0","0.0","Wezembeek-Shopping","1661"
"77","Crainhem","50.848287","4.466527","Reine Astrid","1673"
"78","Gare du Midi","50.810765","4.303466","Humanite","3850"
"78","Gare du Midi","50.810729","4.305499","Mozart","3815"
"78","Gare du Midi","50.813408","4.307128","Bollinckx","3851"
"78","Gare du Midi","50.816204","4.307848","Boulevard International","3860"
"78","Gare du Midi","50.819864","4.308609","Labeur","3859"
"78","Gare du Midi","50.824377","4.309924","Digue du Canal","3856"
"78","Gare du Midi","0.0","0.0","Bruxelles X","3861"
"78","Gare du Midi","50.830575","4.320065","Petite Ile","3858"
"78","Gare du Midi","50.832052","4.324833","Deux Gares","3852"
"78","Gare du Midi","50.832620","4.328908","Veterinaires","2528"
"78","Gare du Midi","50.834784","4.332879","Place Victor Horta","2541"
"78","Gare du Midi","0.0","0.0","Bara","6862"
"78","Gare du Midi","0.0","0.0","Gare du Midi","2500"
"78","Humanite","0.0","0.0","Gare du Midi","1123"
"78","Humanite","0.0","0.0","Bara","6806"
"78","Humanite","50.835641","4.331204","Eloy","3800"
"78","Humanite","50.833098","4.327990","Veterinaires","3802"
"78","Humanite","50.832053","4.324230","Deux Gares","3804"
"78","Humanite","50.830458","4.319426","Petite Ile","3805"
"78","Humanite","0.0","0.0","Bruxelles X","3803"
"78","Humanite","50.823468","4.308548","Digue du Canal","3808"
"78","Humanite","50.820529","4.308197","Labeur","3812"
"78","Humanite","50.816699","4.307634","Boulevard International","3853"
"78","Humanite","50.813705","4.306968","Bollinckx","3810"
"78","Humanite","50.810288","4.305160","Mozart","3814"
"79","Schuman","0.0","0.0","Crainhem","2033"
"79","Schuman","50.850255","4.458513","Mounier","2041"
"79","Schuman","50.850690","4.454112","Auditoires-UCL","2042"
"79","Schuman","50.851276","4.451528","Cliniques-UCL","2043"
"79","Schuman","50.854452","4.447756","Hof Ter Musschen","9853"
"79","Schuman","50.853935","4.443430","Thiry-Woluwe","2028"
"79","Schuman","50.855610","4.438959","Marcel Thiry","1531"
"79","Schuman","0.0","0.0","Tractebel","1532"
"79","Schuman","50.859190","4.358469","Gulledelle","1536"
"79","Schuman","50.854699","4.425119","Andromede","3920"
"79","Schuman","50.855157","4.420893","Capricorne","3902"
"79","Schuman","50.854016","4.418262","Pleiades","3903"
"79","Schuman","50.854499","4.414556","Carene","3904"
"79","Schuman","50.852523","4.409583","Colonel Bourg","3905"
"79","Schuman","0.0","0.0","RTBF","1549"
"79","Schuman","0.0","0.0","Diamant","1461"
"79","Schuman","50.847998","4.398087","Victor Hugo","1462"
"79","Schuman","50.847060","4.393260","De Jamblinne de Meux","6055"
"79","Schuman","50.846985","4.390915","Gueux","1463"
"79","Schuman","50.845282","4.386558","Michel-Ange","1464"
"79","Crainhem","0.0","0.0","Schuman","1474"
"79","Crainhem","0.0","0.0","Schuman","1418"
"79","Crainhem","0.0","0.0","Michel-Ange","1402"
"79","Crainhem","50.847115","4.391358","Gueux","1419"
"79","Crainhem","50.847236","4.393729","De Jamblinne de Meux","1403"
"79","Crainhem","50.847707","4.397407","Victor Hugo","1404"
"79","Crainhem","0.0","0.0","Diamant","4554"
"79","Crainhem","0.0","0.0","RTBF","4550"
"79","Crainhem","50.852440","4.409463","Colonel Bourg","3956"
"79","Crainhem","50.854704","4.415206","Carene","3957"
"79","Crainhem","50.853929","4.418145","Pleiades","3958"
"79","Crainhem","50.855180","4.421039","Capricorne","3959"
"79","Crainhem","50.854456","4.425251","Andromede","3962"
"79","Crainhem","50.852420","4.351157","Gulledelle","3465"
"79","Crainhem","0.0","0.0","Tractebel","3464"
"79","Crainhem","50.854788","4.440301","Marcel Thiry","1551"
"79","Crainhem","50.854805","4.445186","Thiry-Woluwe","2022"
"79","Crainhem","0.0","0.0","Hof Ter Musschen","2044"
"79","Crainhem","50.851204","4.451656","Cliniques-UCL","2037"
"79","Crainhem","50.850663","4.454183","Auditoires-UCL","2038"
"79","Crainhem","50.850310","4.457931","Mounier","2039"
"80","Maes","0.0","0.0","Porte de Namur","1705"
"80","Maes","0.0","0.0","Trone","1130"
"80","Maes","50.839842","4.369371","Science","1729"
"80","Maes","0.0","0.0","Luxembourg","1907"
"80","Maes","50.825241","4.338686","Parnasse","1708"
"80","Maes","50.835745","4.377170","Museum","1728"
"80","Maes","50.836107","4.380853","Etangs","3160"
"80","Maes","50.836751","4.386451","Leman","3953"
"80","Maes","50.838062","4.392801","Gaulois","1135"
"80","Maes","50.839216","4.398528","Merode","1136"
"80","Maes","0.0","0.0","Montgomery","1137"
"80","Maes","50.838804","4.408276","Ichec","1113"
"80","Maes","50.842148","4.406718","Georges Henri","1139"
"80","Maes","50.843639","4.411958","Degrooff","1140"
"80","Maes","50.845080","4.417254","Meudon","1141"
"80","Maes","50.849058","4.417147","Heydenberg","3954"
"80","Maes","50.850804","4.410228","Fevrier","3952"
"80","Maes","50.852440","4.409463","Colonel Bourg","3956"
"80","Maes","50.854704","4.415206","Carene","3957"
"80","Maes","50.859714","4.414957","Paduwa","3272"
"80","Maes","50.861570","4.415903","Artemis","3273"
"80","Maes","50.864218","4.418716","Cimetiere de Bruxelles","3274"
"80","Maes","50.865371","4.422078","Diablotins","3285"
"80","Maes","50.870754","4.418774","Jules Bordet","3276"
"80","Maes","0.0","0.0","Germinal","3277"
"80","Maes","0.0","0.0","Bordet Station","3213"
"80","Maes","50.881753","4.416944","Sabca","3279"
"80","Maes","50.884148","4.421197","Middelweg","3280"
"80","Porte de Namur","50.886466","4.429606","Maes","3201"
"80","Porte de Namur","50.888347","4.425160","Aerodrome","3199"
"80","Porte de Namur","50.883549","4.419967","Middelweg","3203"
"80","Porte de Namur","50.881959","4.417138","Sabca","3204"
"80","Porte de Namur","50.878191","4.410322","Bordet Station","3214"
"80","Porte de Namur","0.0","0.0","Germinal","3206"
"80","Porte de Namur","50.870901","4.418774","Jules Bordet","9311"
"80","Porte de Namur","50.870623","4.418589","Jules Bordet","3207"
"80","Porte de Namur","50.865434","4.421794","Diablotins","3200"
"80","Porte de Namur","0.0","0.0","Cimetiere de Bruxelles","3209"
"80","Porte de Namur","0.0","0.0","Artemis","3210"
"80","Porte de Namur","50.858891","4.413634","Paduwa","3898"
"80","Porte de Namur","50.854499","4.414556","Carene","3904"
"80","Porte de Namur","50.852523","4.409583","Colonel Bourg","3905"
"80","Porte de Namur","50.850669","4.411340","Fevrier","3906"
"80","Porte de Namur","50.849013","4.416848","Heydenberg","3908"
"80","Porte de Namur","50.844896","4.416770","Meudon","1152"
"80","Porte de Namur","50.843612","4.411504","Degrooff","1153"
"80","Porte de Namur","50.841746","4.406374","Georges Henri","1154"
"80","Porte de Namur","0.0","0.0","Montgomery","1155"
"80","Porte de Namur","50.839607","4.398226","Merode","1156"
"80","Porte de Namur","50.838242","4.392106","Gaulois","1159"
"80","Porte de Namur","50.836831","4.387349","Leman","3912"
"80","Porte de Namur","0.0","0.0","Jourdan","3158"
"80","Porte de Namur","0.0","0.0","Senghor","3917"
"80","Porte de Namur","0.0","0.0","Museum","1769"
"80","Porte de Namur","0.0","0.0","Parnasse","1982"
"80","Porte de Namur","0.0","0.0","Luxembourg","4367"
"80","Porte de Namur","50.839925","4.369258","Science","1776"
"80","Porte de Namur","0.0","0.0","Trone","1163"
"80","Porte de Namur","0.0","0.0","Porte de Namur","3504"
"84","Heysel","50.854243","4.323354","Beekkant","4014"
"84","Heysel","50.852158","4.316237","Joseph Baeck","3231"
"84","Heysel","50.851463","4.311353","Dubois","3232"
"84","Heysel","50.851039","4.307562","Tamaris","3233"
"84","Heysel","50.852694","4.307324","Condor","3239"
"84","Heysel","50.855659","4.306405","Candries","3235"
"84","Heysel","50.856905","4.303529","Thym","3236"
"84","Heysel","50.855485","4.298627","Hoogbosch","4653"
"84","Heysel","50.855293","4.294973","Elbers","4655"
"84","Heysel","50.856278","4.289902","Cimetieres","4656"
"84","Heysel","50.860250","4.288191","Maricolles","4657"
"84","Heysel","0.0","0.0","Broek","4661"
"84","Heysel","0.0","0.0","Sept Etoiles","1193"
"84","Heysel","50.866943","4.281332","Hunderenveld","1195"
"84","Heysel","50.869753","4.288799","Parc Monnet","1196"
"84","Heysel","50.870405","4.291299","Berchem-Shopping","4059"
"84","Heysel","0.0","0.0","Berchem Station","4061"
"84","Heysel","50.873513","4.295042","Bois des Iles","4062"
"84","Heysel","50.872707","4.298342","Basilix","4101"
"84","Heysel","50.875628","4.300155","Chopin","4109"
"84","Heysel","50.877186","4.301063","Ganshoren-Sport","4115"
"84","Heysel","50.878173","4.304293","Het Veroost","4103"
"84","Heysel","50.876354","4.306682","Neuberger","4104"
"84","Heysel","50.874039","4.310287","Lowet","4112"
"84","Heysel","50.872429","4.313118","Nereus","4105"
"84","Heysel","0.0","0.0","Van Page","4063"
"84","Heysel","50.876241","4.317873","Square du Centenaire","9103"
"84","Heysel","0.0","0.0","De Rivieren","4065"
"84","Heysel","0.0","0.0","Dieleghem","4064"
"84","Heysel","0.0","0.0","Laerbeek-UZ Brussel","4070"
"84","Heysel","50.844659","4.359615","Pompiers-UZ Brussel","1003"
"84","Heysel","0.0","0.0","Arbre Ballon-Heymbosch","4071"
"84","Heysel","0.0","0.0","De Heyn","4072"
"84","Heysel","0.0","0.0","Cite Modele 4","4069"
"84","Heysel","50.893859","4.326119","Palfyn","4261"
"84","Heysel","50.896020","4.327080","Amethyste","4268"
"84","Heysel","0.0","0.0","Roi Baudouin","4269"
"84","Heysel","0.0","0.0","Vieillesse Heureuse","4652"
"84","Beekant","0.0","0.0","Heysel","4264"
"84","Beekant","0.0","0.0","Roi Baudouin","4227"
"84","Beekant","50.895888","4.327036","Amethyste","4228"
"84","Beekant","0.0","0.0","Palfyn","4205"
"84","Beekant","0.0","0.0","Cite Modele 4","4221"
"84","Beekant","0.0","0.0","De Heyn","4223"
"84","Beekant","0.0","0.0","Arbre Ballon-Heymbosch","4224"
"84","Beekant","0.0","0.0","Pompiers-UZ Brussel","1075"
"84","Beekant","0.0","0.0","Laerbeek-UZ Brussel","4225"
"84","Beekant","50.813061","4.324730","Dieleghem","1078"
"84","Beekant","0.0","0.0","De Rivieren","1079"
"84","Beekant","0.0","0.0","Square du Centenaire","1012"
"84","Beekant","0.0","0.0","Van Page","4164"
"84","Beekant","50.872601","4.313090","Nereus","4158"
"84","Beekant","50.874249","4.310166","Lowet","4163"
"84","Beekant","50.876054","4.307227","Neuberger","4159"
"84","Beekant","50.878261","4.304038","Het Veroost","4160"
"84","Beekant","50.877078","4.300879","Ganshoren-Sport","4168"
"84","Beekant","50.874641","4.299862","Chopin","4169"
"84","Beekant","50.872806","4.297930","Basilix","4162"
"84","Beekant","50.873883","4.294419","Bois des Iles","4165"
"84","Beekant","0.0","0.0","Berchem Station","4170"
"84","Beekant","0.0","0.0","Berchem-Shopping","4002"
"84","Beekant","50.869995","4.288174","Parc Monnet","1099"
"84","Beekant","0.0","0.0","Hunderenveld","1100"
"84","Beekant","0.0","0.0","Sept Etoiles","1102"
"84","Beekant","50.862838","4.287581","Broek","4598"
"84","Beekant","50.860098","4.288077","Maricolles","4599"
"84","Beekant","50.856090","4.289959","Cimetieres","4600"
"84","Beekant","0.0","0.0","Elbers","4660"
"84","Beekant","50.855239","4.295158","Elbers","4601"
"84","Beekant","50.855440","4.298708","Hoogbosch","4602"
"84","Beekant","50.856714","4.302963","Thym","4658"
"84","Beekant","50.855632","4.306249","Candries","4659"
"84","Beekant","50.852395","4.307222","Condor","3238"
"84","Beekant","50.850913","4.307675","Tamaris","3252"
"84","Beekant","50.851356","4.311680","Dubois","3281"
"84","Beekant","0.0","0.0","Joseph Baeck","4013"
"85","Delacroix","0.0","0.0","Berchem Station","4001"
"85","Delacroix","0.0","0.0","Berchem-Shopping","4002"
"85","Delacroix","0.0","0.0","Alcyons","4003"
"85","Delacroix","0.0","0.0","Schweitzer","6029"
"85","Delacroix","0.0","0.0","Genot","4005"
"85","Delacroix","0.0","0.0","Van Zande","4006"
"85","Delacroix","0.0","0.0","Cimetiere Molenbeek","4007"
"85","Delacroix","0.0","0.0","Karreveld","4008"
"85","Delacroix","0.0","0.0","Mennekens","4012"
"85","Delacroix","0.0","0.0","Joseph Baeck","4013"
"85","Delacroix","0.0","0.0","Beekkant","4015"
"85","Delacroix","0.0","0.0","Joseph Baeck","4020"
"85","Delacroix","50.848843","4.321694","Gare de l'Ouest","3253"
"85","Delacroix","50.841632","4.364819","Delacroix","1124"
"85","Berchem Station","50.845922","4.323329","Delacroix","1178"
"85","Berchem Station","50.848852","4.320969","Gare de l'Ouest","3230"
"85","Berchem Station","0.0","0.0","Joseph Baeck","4019"
"85","Berchem Station","0.0","0.0","Beekkant","4018"
"85","Berchem Station","0.0","0.0","Joseph Baeck","6075"
"85","Berchem Station","0.0","0.0","Mennekens","6076"
"85","Berchem Station","0.0","0.0","Karreveld","4053"
"85","Berchem Station","0.0","0.0","Cimetiere Molenbeek","4054"
"85","Berchem Station","0.0","0.0","Van Zande","4055"
"85","Berchem Station","0.0","0.0","Genot","4056"
"85","Berchem Station","0.0","0.0","Schweitzer","4057"
"85","Berchem Station","0.0","0.0","Alcyons","4058"
"85","Berchem Station","50.870405","4.291299","Berchem-Shopping","4059"
"85","Berchem Station","0.0","0.0","Berchem Station","4001"
"87","Simonis","50.872707","4.298342","Basilix","4101"
"87","Simonis","50.875628","4.300155","Chopin","4109"
"87","Simonis","50.877186","4.301063","Ganshoren-Sport","4115"
"87","Simonis","50.878173","4.304293","Het Veroost","4103"
"87","Simonis","50.876354","4.306682","Neuberger","4104"
"87","Simonis","50.874039","4.310287","Lowet","4112"
"87","Simonis","50.872429","4.313118","Nereus","4105"
"87","Simonis","50.870680","4.311557","Sorensen","4106"
"87","Simonis","50.869204","4.310398","Beeckmans","4107"
"87","Simonis","50.868263","4.316066","College Sacre-Coeur","4110"
"87","Simonis","50.867271","4.320070","Riethuisen","2519"
"87","Simonis","50.865071","4.328340","Parc Elisabeth","4116"
"87","Simonis","50.862960","4.330756","Simonis","1112"
"87","Basilix","50.862960","4.330756","Simonis","1112"
"87","Basilix","50.865502","4.327476","Parc Elisabeth","4152"
"87","Basilix","0.0","0.0","Riethuisen","4154"
"87","Basilix","50.868060","4.315424","College Sacre-Coeur","4153"
"87","Basilix","50.869363","4.310688","Beeckmans","4156"
"87","Basilix","50.871043","4.312039","Sorensen","4157"
"87","Basilix","50.872601","4.313090","Nereus","4158"
"87","Basilix","50.874249","4.310166","Lowet","4163"
"87","Basilix","50.876054","4.307227","Neuberger","4159"
"87","Basilix","50.878261","4.304038","Het Veroost","4160"
"87","Basilix","50.877078","4.300879","Ganshoren-Sport","4168"
"87","Basilix","50.874641","4.299862","Chopin","4169"
"87","Basilix","50.872806","4.297930","Basilix","4162"
"88","Heysel","50.851314","4.300802","Machtens","3234"
"88","Heysel","50.852395","4.307222","Condor","3238"
"88","Heysel","50.850913","4.307675","Tamaris","3252"
"88","Heysel","50.851356","4.311680","Dubois","3281"
"88","Heysel","50.852036","4.316437","Joseph Baeck","3282"
"88","Heysel","50.848843","4.321694","Gare de l'Ouest","3253"
"88","Heysel","50.849177","4.326010","Quatre-Vents","3257"
"88","Heysel","0.0","0.0","Duchesse de Brabant","3258"
"88","Heysel","0.0","0.0","Triangle","6648"
"88","Heysel","0.0","0.0","Porte de Ninove","3259"
"88","Heysel","50.852788","4.342186","Porte de Flandre","3260"
"88","Heysel","50.851034","4.345094","Dansaert","3261"
"88","Heysel","0.0","0.0","Bourse","3262"
"88","Heysel","0.0","0.0","Parking 58","2253"
"88","Heysel","0.0","0.0","Beguinage","2267"
"88","Heysel","0.0","0.0","Yser","2235"
"88","Heysel","50.859189","4.354777","Nicolay","2269"
"88","Heysel","0.0","0.0","Wtc","1052"
"88","Heysel","0.0","0.0","Willebroek","1051"
"88","Heysel","50.899278","4.399029","Armateurs","1054"
"88","Heysel","0.0","0.0","Steamers","2304"
"88","Heysel","50.868341","4.353197","Entrepot","2305"
"88","Heysel","0.0","0.0","Dieudonne Lefevre","4252"
"88","Heysel","50.871076","4.344064","Pouchkine","4258"
"88","Heysel","50.874191","4.346915","Nekkersdal","4266"
"88","Heysel","0.0","0.0","Bockstael","2862"
"88","Heysel","0.0","0.0","Breesch","2502"
"88","Heysel","0.0","0.0","Loyaute","2503"
"88","Heysel","50.874395","4.332338","Woeste","2504"
"88","Heysel","0.0","0.0","Leopold I","2505"
"88","Heysel","0.0","0.0","Verbeyst","2515"
"88","Heysel","0.0","0.0","Demineurs","2498"
"88","Heysel","0.0","0.0","Jette Gare","2499"
"88","Heysel","50.882386","4.331153","Lorge","2871"
"88","Heysel","50.885793","4.332671","Hopital Brugmann","2867"
"88","Heysel","0.0","0.0","Crocq","4250"
"88","Heysel","0.0","0.0","Cite Jardin","9044"
"88","Heysel","50.889855","4.328816","Stienon","9047"
"88","Heysel","50.891131","4.325105","Pattijn","4259"
"88","Heysel","0.0","0.0","Tircher","4260"
"88","Heysel","50.893859","4.326119","Palfyn","4261"
"88","Heysel","50.896020","4.327080","Amethyste","4268"
"88","Heysel","0.0","0.0","Roi Baudouin","4269"
"88","Machtens","0.0","0.0","Heysel","4264"
"88","Machtens","0.0","0.0","Roi Baudouin","4227"
"88","Machtens","50.895888","4.327036","Amethyste","4228"
"88","Machtens","0.0","0.0","Palfyn","4205"
"88","Machtens","0.0","0.0","Tircher","4206"
"88","Machtens","50.891014","4.325347","Pattijn","4207"
"88","Machtens","0.0","0.0","Stienon","9048"
"88","Machtens","0.0","0.0","Cite Jardin","9054"
"88","Machtens","50.885316","4.329630","Crocq","4251"
"88","Machtens","0.0","0.0","Hopital Brugmann","2802"
"88","Machtens","50.882851","4.330870","Lorge","2803"
"88","Machtens","0.0","0.0","Jette Gare","2583"
"88","Machtens","0.0","0.0","Demineurs","2584"
"88","Machtens","50.876435","4.330532","Verbeyst","2586"
"88","Machtens","0.0","0.0","Leopold I","2574"
"88","Machtens","50.874710","4.333290","Woeste","2575"
"88","Machtens","0.0","0.0","Loyaute","2576"
"88","Machtens","0.0","0.0","Breesch","9027"
"88","Machtens","0.0","0.0","Bockstael","2202"
"88","Machtens","50.873832","4.346305","Nekkersdal","4267"
"88","Machtens","0.0","0.0","Pouchkine","4271"
"88","Machtens","0.0","0.0","Dieudonne Lefevre","4217"
"88","Machtens","50.868610","4.353112","Entrepot","2370"
"88","Machtens","0.0","0.0","Steamers","2371"
"88","Machtens","50.867597","4.336128","Armateurs","1021"
"88","Machtens","0.0","0.0","Willebroek","1016"
"88","Machtens","0.0","0.0","Wtc","1024"
"88","Machtens","50.858919","4.354478","Nicolay","2209"
"88","Machtens","0.0","0.0","Yser","2236"
"88","Machtens","0.0","0.0","Beguinage","2211"
"88","Machtens","0.0","0.0","Parking 58","2324"
"88","Machtens","50.851241","4.344952","Dansaert","3221"
"88","Machtens","50.853020","4.341841","Porte de Flandre","3222"
"88","Machtens","0.0","0.0","Porte de Ninove","3223"
"88","Machtens","0.0","0.0","Triangle","3228"
"88","Machtens","0.0","0.0","Duchesse de Brabant","3224"
"88","Machtens","50.849177","4.325570","Quatre-Vents","3225"
"88","Machtens","50.848852","4.320969","Gare de l'Ouest","3230"
"88","Machtens","50.852158","4.316237","Joseph Baeck","3231"
"88","Machtens","50.851463","4.311353","Dubois","3232"
"88","Machtens","50.851039","4.307562","Tamaris","3233"
"89","Westland Shopping","0.0","0.0","Pannenhuis","4270"
"89","Westland Shopping","0.0","0.0","Pouchkine","4271"
"89","Westland Shopping","0.0","0.0","Escaut","4212"
"89","Westland Shopping","50.864062","4.344119","Picard","1019"
"89","Westland Shopping","50.859879","4.341212","Ribaucourt","4213"
"89","Westland Shopping","50.858413","4.336782","Merchtem","4214"
"89","Westland Shopping","0.0","0.0","Comte de Flandre","6701"
"89","Westland Shopping","50.855459","4.335186","Borne","6702"
"89","Westland Shopping","50.853178","4.331389","Savonnerie","6706"
"89","Westland Shopping","0.0","0.0","Elephant","1241"
"89","Westland Shopping","0.0","0.0","Duchesse de Brabant","6704"
"89","Westland Shopping","50.845805","4.323060","Delacroix","1117"
"89","Westland Shopping","0.0","0.0","Jacques Brel","1253"
"89","Westland Shopping","0.0","0.0","Veterans Coloniaux","1255"
"89","Westland Shopping","0.0","0.0","Henri Rey","1256"
"89","Westland Shopping","50.843753","4.300032","Paulsen","1257"
"89","Westland Shopping","0.0","0.0","Peterbos","2536"
"89","Westland Shopping","0.0","0.0","Willemyns","1259"
"89","Westland Shopping","50.837572","4.289977","Fruits","1260"
"89","Westland Shopping","50.838385","4.284139","Westland Shopping","1261"
"89","Pannenhuis","0.0","0.0","Westland Shopping","4215"
"89","Pannenhuis","50.837374","4.290288","Fruits","1204"
"89","Pannenhuis","0.0","0.0","Willemyns","1205"
"89","Pannenhuis","0.0","0.0","Peterbos","1206"
"89","Pannenhuis","50.843463","4.300495","Paulsen","1207"
"89","Pannenhuis","0.0","0.0","Henri Rey","1208"
"89","Pannenhuis","0.0","0.0","Veterans Coloniaux","3760"
"89","Pannenhuis","0.0","0.0","Jacques Brel","1211"
"89","Pannenhuis","50.845922","4.323329","Delacroix","1178"
"89","Pannenhuis","0.0","0.0","Duchesse de Brabant","6752"
"89","Pannenhuis","50.851954","4.333500","Elephant","1242"
"89","Pannenhuis","50.854151","4.335549","Borne","6754"
"89","Pannenhuis","50.856013","4.338104","Comte de Flandre","6755"
"89","Pannenhuis","50.859888","4.341493","Ribaucourt","4253"
"89","Pannenhuis","50.864456","4.343166","Picard","1056"
"89","Pannenhuis","0.0","0.0","Escaut","4254"
"89","Pannenhuis","50.871076","4.344064","Pouchkine","4258"
"95","Wiener","0.0","0.0","Bourse","4301"
"95","Wiener","50.829003","4.362507","Saint-Jean","1702"
"95","Wiener","0.0","0.0","Grand Sablon","1703"
"95","Wiener","50.839898","4.355875","Petit Sablon","1128"
"95","Wiener","0.0","0.0","Royale","1129"
"95","Wiener","0.0","0.0","Trone","1130"
"95","Wiener","50.839842","4.369371","Science","1729"
"95","Wiener","0.0","0.0","Luxembourg","1907"
"95","Wiener","0.0","0.0","Parnasse","1908"
"95","Wiener","50.832940","4.374842","Blyckaerts","1909"
"95","Wiener","50.829929","4.378660","Germoir","4303"
"95","Wiener","50.827285","4.381952","Rodin","4304"
"95","Wiener","50.824183","4.385896","Delporte","4305"
"95","Wiener","50.821675","4.388989","Etterbeek Gare","4306"
"95","Wiener","50.817848","4.392422","Thys","4307"
"95","Wiener","50.816011","4.390576","Cimetiere d'Ixelles","3558"
"95","Wiener","50.811687","4.393043","Relais","4308"
"95","Wiener","50.810242","4.397021","Arcades","4309"
"95","Wiener","50.809616","4.403442","Keym","4310"
"95","Wiener","50.805205","4.406721","Vander Elst","4311"
"95","Wiener","0.0","0.0","Ortolans","4312"
"95","Wiener","50.802583","4.412501","Les Trois Tilleuls","4313"
"95","Wiener","50.799796","4.414442","Miraval","4347"
"95","Wiener","50.798535","4.419065","Wiener","4349"
"95","Bourse","50.798677","4.419150","Wiener","4351"
"95","Bourse","50.800227","4.414017","Miraval","4348"
"95","Bourse","50.802745","4.412870","Les Trois Tilleuls","4355"
"95","Bourse","0.0","0.0","Ortolans","4356"
"95","Bourse","50.805415","4.406750","Vander Elst","4357"
"95","Bourse","50.810030","4.403172","Keym","4358"
"95","Bourse","50.810481","4.396748","Arcades","4359"
"95","Bourse","50.812046","4.392405","Relais","4360"
"95","Bourse","50.815966","4.390704","Cimetiere d'Ixelles","3514"
"95","Bourse","50.817530","4.392642","Thys","4362"
"95","Bourse","50.821900","4.388876","Etterbeek Gare","4363"
"95","Bourse","50.824345","4.385783","Delporte","4364"
"95","Bourse","50.827537","4.381838","Rodin","4365"
"95","Bourse","50.829272","4.379696","Germoir","4366"
"95","Bourse","50.833175","4.374767","Blyckaerts","1981"
"95","Bourse","0.0","0.0","Parnasse","1982"
"95","Bourse","0.0","0.0","Luxembourg","4367"
"95","Bourse","50.839925","4.369258","Science","1776"
"95","Bourse","0.0","0.0","Trone","1163"
"95","Bourse","0.0","0.0","Ducale","1164"
"95","Bourse","0.0","0.0","Royale","1165"
"95","Bourse","0.0","0.0","Grand Sablon","1166"
"95","Bourse","0.0","0.0","Saint-Jean","1771"
"95","Bourse","0.0","0.0","Plattesteen","1772"
"98","Heros","0.0","0.0","CERIA","3854"
"98","Heros","50.813705","4.306968","Bollinckx","3810"
"98","Heros","50.810288","4.305160","Mozart","3814"
"98","Heros","0.0","0.0","Pathe","5963"
"98","Heros","0.0","0.0","Dorent","9649"
"98","Heros","50.792767","4.308875","Drogenbos-Shopping","2660"
"98","Heros","50.795119","4.315950","Eggergat","5923"
"98","Heros","0.0","0.0","Carrefour Stalle","5921"
"98","Heros","50.796220","4.324184","Egide van Ophem","5916"
"98","Heros","0.0","0.0","Wagon","5917"
"98","Heros","0.0","0.0","Globe","1985"
"98","Heros","50.803542","4.341571","Heros","5058"
"98","CERIA","50.803306","4.342621","Heros","1951"
"98","CERIA","0.0","0.0","Globe","1984"
"98","CERIA","0.0","0.0","Wagon","5952"
"98","CERIA","50.796311","4.323759","Egide van Ophem","5953"
"98","CERIA","0.0","0.0","Carrefour Stalle","5919"
"98","CERIA","50.794272","4.312968","Eggergat","5922"
"98","CERIA","50.793372","4.309999","Drogenbos-Shopping","2610"
"98","CERIA","0.0","0.0","Dorent","9686"
"98","CERIA","0.0","0.0","Pathe","5964"
"98","CERIA","50.810729","4.305499","Mozart","3815"
"98","CERIA","50.813408","4.307128","Bollinckx","3851"
